job_title,salary,company,location,job_summary,post_date,extract_date,job_url
Senior Accountant,,Corvid Technologies LLC,"Mooresville, NC","You’ll be involved in everything from providing your thoughts on business strategy to organizing contract files and journal entries.
2-5 years of experience.",30+ days ago,2020-11-26,https://www.indeed.com/pagead/clk?mo=r&ad=-6NYlbfkN0Bhg8u1w9r_kD05juVR7y2SCtq2ZqWPaYG6Na1NIAG2HXVlgBYasEVQHgwhU-2YlD0cTM6vo8Uu6QKopK3Rvk5sH_rZrss66FT5LaeH-RnZ1BBqmznxUZ_GrIQTnv5NzmKvDs8P3Pt64XdMXD3EbX_MH9VPIwfa5ACCgJb2WIN8THjqPY5Rp0wzOY5wm5f-CBEf24Hqmg97k50oMw15494G_YdOMTPgqNQaDlwJDaFDbn2EDv7-WawI6RxFgw5rbyvOAaplrB449SohV_lqc5UGHLyiWrjQUwEo6Fp3QEnLk3rj9Fv00PBGvuPqQL2_LOCsnzokNsdPSBygrAxxNhd1QI66Z_ol1FoFN2K41Peltrgvf8nAkgJNv5DVBGuBESZbqEY0P4AjCi4joOBj_OAWfwoH7-gmjmjHR_x2x1cPB7oLzkgliIa6U5suJZ9EItngsLagGTnxWLLL34_5qZoO&p=0&fvj=1&vjs=3
CPA Senior Tax Accountant,,Ken R Adams CPAs PA,"Charlotte, NC","We offer 401k match. health insurance and paid vacation off every friday after tax season! .
Job Types: Full-time, Part-time.",12 days ago,2020-11-26,https://www.indeed.com/pagead/clk?mo=r&ad=-6NYlbfkN0A_00Q_tH0hnVh1sObUpCTEv8eW_HRxuzprptC2Rn6K3qWJqnsjSNzQumo29dEM0SpF13iQBYzvE6gb4gRmEyUCVjXpdElqPd2ZY96YeRiGRkEWwCXwCa48LfJ_oVCBwL1TUhN8u_ezqhyia_FBvx_HQiKvtOVdWWjmianaEXerjeaXJRWhWbdqhFG74OkSDI8vO4TXjn1UaxYeubHk2pDbAZ_mrerR5hhbTLjesrepJqU2wKso-w3nZueteHuBAdaSPuFSQ6GNppT_Zt_CJYSeHwzus69JjN5mF3ntxesk5AfSLIvpMVwc5F8KK6i97GVOGoKjb9SB9sXzdBMEA7zJtLEnypnvSdb94Ud-8DiNk7xGDAS_8Tbg5WlJJ9s0Ax-Gkyg3l59hEeQD5zAwuCbPEG-E4J9Mc5LqCPAcrzZmoKAQOOkpA1jLqThk9IAwGIHtms15A5TMsvxGZZt1jRTv&p=1&fvj=1&vjs=3
Senior Revenue Accountant,,AccruePartners,"Charlotte, NC","3-5 years of public accounting experience in a large firm.
Guide junior accountants and other team members by answering questions and coordinating information…",Just posted,2020-11-26,https://www.indeed.com/pagead/clk?mo=r&ad=-6NYlbfkN0Cmq1pj5Dwku4j-j-jMxiR3p8DjIx5wPgrGZP7N5_dynGcPrp9S6jFTghBGlLhymrC2PeMMYObPYHFxv2Nw3CUu679la0BvBHizm877tdjeIfaLHYnwahvZtsTjn6YX1YHEQyrnJJ1pBOxbObv7AEQNzKZ0vuavT99zL7UXtkhoZTC88p4DBthY0KvZo9eYRvaiY6TvCkYiuYhHoJimIJUsDONhds_E8EWjNiMumyp-aI3VhKcpKRq4lPMdwpvuOlDMA-4oYn_jHEbDUWloQKoUPac82vG3FPtABN9GIVUO0_uq0d_pvGyZAhQ3vuhZtLvOchD9p91Mv3q1sATp-16SyY6PyWBWN2Y9saTCQYrwwgwZBo80KfAh4YAhatPlaAvliYq_BsnIJorv9fMoD4QFE9aJbZgPpFOr6ImeGjvyORPwLeaXDh7kqzBeh80qTn4ucXL8DCxnBK7LcC03HXTvny3n-b8ain43ROUjAvcMXw==&p=2&fvj=0&vjs=3
Senior Staff Accountant,,Iora Health,"Charlotte, NC","Support the annual audit process, including preparation of the financial statements and related schedules.
Reporting to the Accounting Manager, the Senior Staff…",14 days ago,2020-11-26,https://www.indeed.com/rc/clk?jk=1fd77a6b96f2955a&fccid=2654239a79ad09ba&vjs=3
Senior Staff Accountant,,Dyon Management,"Charlotte, NC","Advanced knowledge of generally accepted accounting principles.
Perform account reconciliations, account analysis, accrual calculations, and other related…",6 days ago,2020-11-26,https://www.indeed.com/company/Dyon-Management/jobs/Senior-Staff-Accountant-b649cef1dae86f23?fccid=57d07b4c3a9e9eaa&vjs=3
"Senior Accountant (Cash Management) - $40,000 - $55,000 - Work from Home",,"Local Marketing Solutions Group, Inc.",United States,"Apply payments for accounts payable.
Work with division teammates to communicate cash activity for external accounting systems.",19 days ago,2020-11-26,https://www.indeed.com/pagead/clk?mo=r&ad=-6NYlbfkN0BEv7lMzl6fZWja99dkbIhu1rzOl0JvJAVHEQ9owaz0WNXUTH8-Ni5vbSVUQxs1rfkmGZN8u9KPMcCecR3y6mnoojobPA8IXBZgzuPYmkr959X_20JknEToNEZYt8rLO5JDkVMBghRUp-n57tnUrnRRF4HIv7keqt5ufg4p7xCFLevFc2OCVgyvAIta_J2Lb9NimolHVFEBtGrdzYjXnjeZxoN0NQqoK25mSWVAo-g9HHYfTBwRB723E-zpnvl5xvhGCA-VgsD2miQWSBDVo8TQOOTDI9Y0KdDMrQKGHTZoUzUiH6c1rJP_2CJL5SKwiSnTTrG_FUyqOITlSzpgN6NnDeXt9MI-AvCY8g8HGv8tjzCBaI1c53BBccuRgv2ZNRhNrVyC_P_ZqTFbd4x4g_l6RldTqFfuS_5QKY6JLFY5H2no3H6qVdUBCt06W06mp3RYxfv6UdAic6-TOOXHFmZqhxYhiSbBGKN-We7i_if5S6FcvEmm1v7_tBjrZJVGe8I=&p=5&fvj=1&vjs=3
Senior Accountant,,Childress Klein,"Charlotte, NC",This positionÂ will partner with team members and senior leadershipÂ to ensure the efficient operation of the accounting department.,14 days ago,2020-11-26,https://www.indeed.com/rc/clk?jk=e8934e1168d9ca5a&fccid=9b5266006632af9e&vjs=3
Senior Accountant,,"Nederman Holding USA, Inc","Charlotte, NC","3-5 years of public accounting experience in a large firm.
Guide junior accountants and other team members by answering questions and coordinating information…",7 days ago,2020-11-26,https://www.indeed.com/rc/clk?jk=c85070548692e5ea&fccid=8e4e18718d3c59b3&vjs=3
Senior Corporate Accountant,,Front Yard Residential,"Charlotte, NC","Ability to maintain accurate records and accounting schedules.
This role will primarily focus on general ledger accounting, reconciliations, financial reporting…",8 days ago,2020-11-26,https://www.indeed.com/rc/clk?jk=482351029393b4b6&fccid=3982abcccefc7ded&vjs=3
Senior Property Accountant,,SSG,"Charlotte, NC","Post monthly debt service payments for each property; reconcile monthly loan activity.
As a Senior Property Accountant, you ensure all transactions related to…",28 days ago,2020-11-26,https://www.indeed.com/company/Midtown-Search-Group/jobs/Senior-Property-Accountant-4df2453c9e5b87fc?fccid=3cd66e9f50f66a25&vjs=3
Senior Property Accountant,,Matlen Silver,"Charlotte, NC","Successfully complete monthly reporting and assist your Accounting Manager in audit.
Continuously evaluate the effectiveness of internal processes to seek…",Today,2020-11-26,https://www.indeed.com/pagead/clk?mo=r&ad=-6NYlbfkN0ADTliTSg4K3aDxe8vkHVVj5ml6bx8ND6Ab8oliGx3AtQak9O875La2bFZ7Jqdg5u2e7He4Nij17d_IcXv2nGKAIVMG_vgrDXH_UBuGNX3EB4swkufVJ-_Xr6kPk4g6KxiCvDl-3sGRe1YQmIah1vizGEtopH2bT4VHHGpI11R-9ROTF-Jq7_KSFRZ0xUrK5sqbZr_WmZyEpFh4QTR-6Tr1L83lammiCebJSIqi0x0y6arhnQhQ6e5Xiqh9SOuMyGOXpgnK40OA8LZr8I8En_INpnDez6mlPX_p7yqsBX__4pMuP0roiZBzJ7B7O_lm169qbaBJ5qWRHnXPpUkthxYoCkcrA3pOEZtVS45FIJ9gzKV-7clACrul57KH8_Qgd-f7QaJMIHIPds_kfv49g0Y41Q6Ma_iKdHFiAZcCOoUH-oKZm11t7VbojgBYKX4Dvr0=&p=10&fvj=0&vjs=3
Senior Accountant,,Westinghouse Electric Company,"Charlotte, NC","Monthly close - journal entries, analysis of accounts, monitoring the close calendar ensuring.
All systems and activities are closed according to the deadlines.",30+ days ago,2020-11-26,https://www.indeed.com/rc/clk?jk=0ed8ec6c3c6ecb0b&fccid=42e773e039e3c8bf&vjs=3
Senior Accountant,,Elements Brands,"Charlotte, NC","This person will become a key quantitative resource who can adeptly analyze, translate and communicate business impacts.
A Bachelor's degree in Accounting.",30+ days ago,2020-11-26,https://www.indeed.com/rc/clk?jk=ba2ef454757fb628&fccid=3e68a0c70c2b306e&vjs=3
Senior Project Accountant,,WSP USA,"Charlotte, NC","Experience with an engineering or construction firm is a plus.
Provides non-technical support to one or more Project Managers and/or Project Teams.",26 days ago,2020-11-26,https://www.indeed.com/rc/clk?jk=6bc16aa83d493066&fccid=125e77713a321cdc&vjs=3
Senior Accountant,,Truist Financial,"Charlotte, NC",Assist with generally accepted accounting principles (GAAP) and regulatory reporting for assigned line of business or division; perform other related accounting…,15 days ago,2020-11-26,https://www.indeed.com/rc/clk?jk=b9e9fddba6598172&fccid=035229327af06091&vjs=3
Senior Accountant,,Westinghouse Electric Company,"Charlotte, NC","Monthly close - journal entries, analysis of accounts, monitoring the close calendar ensuring.
All systems and activities are closed according to the deadlines.",30+ days ago,2020-11-26,https://www.indeed.com/rc/clk?jk=0ed8ec6c3c6ecb0b&fccid=42e773e039e3c8bf&vjs=3
Core Assurance Senior Associate Charlotte,,PwC,"Charlotte, NC",International hires or hires from a PwC affiliate firm to have obtained the equivalent accounting credential in selected individual's home country.,Today,2020-11-26,https://www.indeed.com/pagead/clk?mo=r&ad=-6NYlbfkN0Dr_hnQ-Jfvx8x1kl6LZGw5tBy_C31iSfGQgc5_4VANfqJsY2O7nCkwpa7QkP26kAmZ12JIThzrV6obW508tJstogbwuJ_2cih0CyUH_f0Yy5ZRWBo74dFuYjfNonfi0KKbGofD8FjNwfhRKjrEbjZW-laGmMxzqYwQiimugJ3a91U6bYPJDjQA4mTUaTB3eEuDQPlb1jghRn92brLckB1o_u8vLVkExT1CEpJK5qhLBIX6GoPLQ-2dYN_9krRDGAaB1uIhknbvrrDY9p7s637weDN7iyrw6vlI0mUBg3cOp2JMi7KXmHCnWDkuTzXH62eRXIq02uXJAI9FrMM3dk5obeWfx2OCC5GSoZBEoC1cGOoU15e2NlQzzjrTqmbfkk66iNNj3o3SIA==&p=1&fvj=0&vjs=3
Senior Accountant,,S&D Coffee & Tea,"Concord, NC","This position will report to the Director of Accounting.
Senior team member for all aspects of the monthly and periodic general ledger accounting process,…",20 days ago,2020-11-26,https://www.indeed.com/rc/clk?jk=c2627cbab12c44b9&fccid=7ee14dfefc346c2c&vjs=3
Sr. Accountant,,Ally Financial Inc.,"Charlotte, NC",Ally's compensation program offers market-competitive base pay and pay-for-performance incentives (bonuses) based on achieving personal and company goals.,16 days ago,2020-11-26,https://www.indeed.com/pagead/clk?mo=r&ad=-6NYlbfkN0DJ5QQ_XkAtnGD7OtNJBPWnMWX0-0yeBIg3SyIy7sPtwbzsSHHn3ObDFBkKUa5OGl8F2tyz4KWbG-q7Pev-ZyS_kFjVW4zvE8AbZDJ1TL25XLiujIt_1ROeMejcP_ZyQo_klLd2AVyZAIw6W2MK40sIo01e4qYS0q4mjNtPAqQcLUuXpsWzL65e5TsV_tg1d8nNnOsHdETMVSYclN8pcH7xTD94MZjUHw6h6GsDCMmyVsbFsid0lz7sJ7SDsz46tXRIJjJ7rN75-WTrKj83KwaTeN95w6ZLcS2p6YXxGeJgqbJh-y0HGLPtOtXio5qwCjphxOMSDCkKQyvAXAx0-4WKFapKav9L4Aa3LKpwGwDnr4eLkuJfncbrWULOE1JHl_nuUl3K1gHT6yxvBgMRNTSDUWGey8Jl-5M5C9BjVJxKJ7_V4ZguU0EXfrGkBW2tM3ADjvkvG7uH2r_SLd9RoywvhJETeLcV68ntA25ywV8TSTyFaz_Nzl30towWzL6y-tSIvPJFGvi7J7NGjaD1J97awD5lGb87qooNpLVGbIiG31HXJOMIJ9McC4SKeIIkbsHOlmiqiFvahNZSBERHmrqH0xPPXL5tHnz23JmRIwhtiGPEJwXOLc2o&p=3&fvj=0&vjs=3
Sr. Cost Accountant,,SSG,"Charlotte, NC","The position provides recommendations to senior management in support of the achievement of Company goals.
Perform month end close activities related to cost…",30+ days ago,2020-11-26,https://www.indeed.com/company/Midtown-Search-Group/jobs/Senior-Cost-Accountant-1da00722e08c948c?fccid=3cd66e9f50f66a25&vjs=3
Senior Accountant,,ScentAir Technologies LLC,"Charlotte, NC",The Senior Accountant applies principles of accounting to analyze financial information and prepare financial reports by performing the following duties.,14 days ago,2020-11-26,https://www.indeed.com/rc/clk?jk=cc79d3113b3505ba&fccid=978ff521703cc276&vjs=3
Senior Accountant,,Elements Brands,"Charlotte, NC","This person will become a key quantitative resource who can adeptly analyze, translate and communicate business impacts.
A Bachelor's degree in Accounting.",30+ days ago,2020-11-26,https://www.indeed.com/rc/clk?jk=ba2ef454757fb628&fccid=3e68a0c70c2b306e&vjs=3
Senior Accountant,,Cardinal Holdings,"Concord, NC","Develops and implements accounting procedures by analyzing current procedures and recommends changes.
The Senior Accountant maintains aspects of the General…",30+ days ago,2020-11-26,https://www.indeed.com/rc/clk?jk=7d67b288e38eed05&fccid=a685054337d09ac4&vjs=3
Sr Tax Accountant - Audit,,SPECTRUM,"Charlotte, NC","Responsible for supporting audits, planning and controls by scheduling, monitoring and presenting data under the direction and supervision of the Audit Director…",Today,2020-11-26,https://www.indeed.com/pagead/clk?mo=r&ad=-6NYlbfkN0CeXNZYxOzgf11O9-TFJft4I5QLQjKTqoL33Rtx55G7TkVGIeg0V66zAwcITAsotPIT-5MByY5kLENr6MDsfmnlmotBO3qpB2CFD-mTqeCWRuvz6Ryq2smk2OnOBMwtbMtjzW-yCkCxZNzxRCRgQaxsyrbNtRegShFjQ40bP2kAKEceO_KIp9hCgg3IgA99KSK89MZrTxMb7QZNXOxz-7pU34NWEvQDsM_Y7DJUOVnzxyUNniDxypjJQTLV0reLcdB5fn6M3bUBdi5U4BbHygKqQT7dBWMqLZE6Bz1xIVvzP9183xzFsR9i89lKK0vyY7O9WqYf-fMbdPcKcvMV53OZ4L2VSr6jegA1WJOZqKt-G7-AQNA77CWyL6QmmNa9I1JQcIWeFkQQzQ==&p=8&fvj=0&vjs=3
Senior Accountant,,Truist Financial,"Charlotte, NC",Assist with generally accepted accounting principles (GAAP) and regulatory reporting for assigned line of business or division; perform other related accounting…,15 days ago,2020-11-26,https://www.indeed.com/rc/clk?jk=b9e9fddba6598172&fccid=035229327af06091&vjs=3
Senior Property Accountant,,Matlen Silver,"Charlotte, NC","Successfully complete monthly reporting and assist your Accounting Manager in audit.
Continuously evaluate the effectiveness of internal processes to seek…",Today,2020-11-26,https://www.indeed.com/pagead/clk?mo=r&ad=-6NYlbfkN0ADTliTSg4K3aDxe8vkHVVj5ml6bx8ND6Ab8oliGx3AtQak9O875La2bFZ7Jqdg5u2e7He4Nij17d_IcXv2nGKAIVMG_vgrDXH_UBuGNX3EB4swkufVJ-_Xr6kPk4g6KxiCvDl-3sGRe1YQmIah1vizGEtopH2bT4VHHGpI11R-9ROTF-Jq7_KSaCiaGU7ikJBdyfhT8DEVyLix2QWXez_uoj2NSVDYfiTFi638cbAnGQvfbGlq7I2uflACJOo04ua4E7c4_cfNyGP975SMUSPM9m0YsCphp7A5n-XUVisIfqb3199mEJhTV7kr1sykXj3GVi8Gb4R2qbfLoKmMKf8wG2iK3MpS17NyDqq5G5v4FD92_S-ss0-2-3EYb2z7_RG_46glu20m0xN-OPfZOuU2A1kZUZ8qysUGVUhcnHPHARp31JZ2StfA_UI29ThIzpM=&p=10&fvj=0&vjs=3
Senior Accountant,,"Stabilus, Inc.","Gastonia, NC","Prepare and analyze account analyses, accounting support schedules, and other supporting schedules.
Assist in the annual financial statement audit and quarterly…",28 days ago,2020-11-26,"https://www.indeed.com/company/Stabilus,-Inc./jobs/Senior-Accountant-e68340d7e228179b?fccid=4732b65451613431&vjs=3"
Core Assurance Senior Associate Charlotte Financial Services,,PwC,"Charlotte, NC",International hires or hires from a PwC affiliate firm to have obtained the equivalent accounting credential in selected individual's home country.,Today,2020-11-26,https://www.indeed.com/pagead/clk?mo=r&ad=-6NYlbfkN0Dr_hnQ-Jfvx8x1kl6LZGw5tBy_C31iSfGQgc5_4VANfqJsY2O7nCkw-GvebBoYC67NyEua8P3-XCJeAWAcFoIyW8quaLJmmHYalNqOaA9j0rnC_AvZgeiWuAmqzdXJdbrvKMJFeW2hXU5USN_RJTKCxzD2jftka4iU6XAl1ex-o0fw5BwpPZEw55AIOm2OyXsGjQr5QakS_ayXGuG7KXE8XabjNTrhTnVlNzZQW1yuDhm9ImA41dpx-LpqRLT460wmTE3wpZYgwJlux9KM7YeFU9DJ-TWKP3bqArmPxp2cFu904BHUCffKtDr3Js-ln_dAAk8Flcq0UST9a4xtfSInVt93rK84q_IAZ2kUy1FDM38ZPwcMvVAFKM3CROigZaFbd-Ya7e_8Vg==&p=12&fvj=0&vjs=3
Senior Accountant,,"CompuCom Systems, Inc.","Fort Mill, SC","The role will include working on several areas of corporate accounting and business unit finance support.
The position will be responsible for tasks ranging…",9 days ago,2020-11-26,https://www.indeed.com/rc/clk?jk=b81fda7461f03355&fccid=37a1bf601ebbfd51&vjs=3
Senior Accountant,,Keystone Substance Abuse Services,"Rock Hill, SC","Provides accurate and timely financial information to senior management.
Monitors current status of cash, requesting transfers between accounts as required.",30+ days ago,2020-11-26,https://www.indeed.com/rc/clk?jk=2a383b9027a4a7d5&fccid=c631e8fef896f984&vjs=3
CPA Senior Tax Accountant,,Ken R Adams CPAs PA,"Charlotte, NC","We offer 401k match. health insurance and paid vacation off every friday after tax season! .
Job Types: Full-time, Part-time.",12 days ago,2020-11-26,https://www.indeed.com/pagead/clk?mo=r&ad=-6NYlbfkN0A_00Q_tH0hnVh1sObUpCTEv8eW_HRxuzprptC2Rn6K3qWJqnsjSNzQumo29dEM0SpF13iQBYzvE6gb4gRmEyUCVjXpdElqPd2ZY96YeRiGRkEWwCXwCa48LfJ_oVCBwL1TUhN8u_ezqhyia_FBvx_HQiKvtOVdWWjmianaEXerjeaXJRWhWbdqB1o_oGrbbySNqDO9bLVlTf4xqgqJyzC7rgg-AsvOK4NGP2w94X4uB4Aaq95_hryrn6q9a6hrGy2ZvtRuIjaYeuSmvQEf5mtlzrtPwtHjpVAcj_mdmHuTN-2p1OHdQ6z9KCfAsZXnisS5HicvKGMe1vcVkYXxhUiOUubnuC4mR-Cef9C-rJcQVbAhlGPh0QnXux23tmSygmiGd11THZMUepmbLeRmQz9u6YNA3v9BWawcg-tjwLk9pE0zy_BFcSrhYdcWSrkpOiqi50_EBwO40w3HOfuuMeC_mwC6w4RVekQ=&p=0&fvj=1&vjs=3
Senior Audit Accountant,,Bernard Robinson & Company,North Carolina,& reviewing workpapers; keeping mgmt. informed of status of client engagements; establishing & maintaining good working relationships with clients and firm…,21 days ago,2020-11-26,https://www.indeed.com/pagead/clk?mo=r&ad=-6NYlbfkN0Bqp1klGN3DByv8CXiIDwvu9zdnux5himD5pe0PQBmTD78jy0CdOvWdq_WF8E-ev0bzeUqFWJe8BNKhcoJiuw9tLXxE6ZoA5jnGgANwANfzLTifg-122x-MOGcd9ykzSiZ-n3xQnb4hc8UJvoIAkGwJzEduOvIJbX6USFHnckXmVjKY05hXcw3uo6Om0bDvP6IGEmhB76-iiT0j-lLc3Ik4CHuAYakxe2CvEJXnRSBP3PIEasv676Bcjc71IJ6grieAyNzK84OTmvM-iPiNEk-HBWLvAkEHwCFxj4cujdgJ8pdeBhrisC4FdkD2JrkfchqvE1o1VUCu1XIB-TsTHjF8HsjTTJXtDCmz6jkimv7rz6Y_M4EvN8A5mEz8gB0BUaIDdfPmvIN3Qp08ZAkI6NZ0iDn0cnEoixOcrwaEomo8pC1PkIaMkk-HfnwzXthXdgbblyV-6rQb_Ma6mu4M8_fcsN6YUZwEw70=&p=1&fvj=1&vjs=3
Audit Senior,,ParsonsCPA,"Charlotte, NC","Demonstrate the ability to provide team with directions, play a key role in execution of audit engagement from planning to wrap-up, and develop audit program…",30+ days ago,2020-11-26,https://www.indeed.com/pagead/clk?mo=r&ad=-6NYlbfkN0B5TkFxHlCYPo0vOBXpj4zNlUT5EFD3OPS87FtW3bAXRURgKOVyMyVJ5WI-UpsCO-tQAVYJsJ0ZGtV3QckeC4pvGIiEUbcQ1ksooyWHIBEsnNUmmSX2w3wL5F9BxlYDnVRQhKLz92vfIQ-4x6RCSIIlMMSlq5lSsd0lOzsGsS0cMZ1K9ofKBWAK5mvvZ-ku1vJHBqHbq1CYr7EoblFPt-ujmxJdYrT3ZN3-HVBwgBANfn6cSpGLGHcasM9pi_JRZFUHmK0yRBHCVBbTiFgiJ3Ep1_TMQLatn8gRKbEvj-s6JTzb8K8tX37_MgZk5azn3rbfdtTE02CDwiggRlomdn3dT_W2s7eWoOfUiL9cl4T3Wd736z8T98JTj7x7Y94Eic9MvbGyWIOdR6RgwuEYlBsc7RXjYYzRoAeHAa0kVPhtmo53zu8imu8oZo9tymhqcrHt643w6mVFG5-vGOJ-HK4y&p=2&fvj=1&vjs=3
Tax Senior Associate,,ParsonsCPA,"Charlotte, NC",You will work with experienced staff and managers in both hands-on and formal training sessions to broaden your technical and professional skills.,30+ days ago,2020-11-26,https://www.indeed.com/pagead/clk?mo=r&ad=-6NYlbfkN0B5TkFxHlCYPo0vOBXpj4zNlUT5EFD3OPS87FtW3bAXRWNqDv7Es5BmgeHWVNDJ-vmRBn_b9uvf_5du7DgtiKXCV3LEragWE-ddGGkGVp76g6iuW7PnnYdqLKuHhWpHgzQwbVnsWK9Bdmw-o2bH3xndu7V2l8UGhSRWLKoK_t3u2Xan-MqlVMPrtLoHQ4aWTVHlpzdXROhjPSPFQeZyp6faO7oloboxULYddt5YG8HVpksvGtjYwLOljlo2Q6A3VfU137TD90A_ldQVY4lN1_j-NIluL042fyIGyErZFd00uHUE8881HO5ISBqILfDKMVISQSIY0cJwbY-mx-ixRKouaGkL-VRGN3DsnYQ2ogReZyEJWaFoYjWMlgVKllS2nlcuk_RfcKzybJ9gRXX3-Bej6-CPsecySDdB6tMgOm9_Qo7JRKaWRNxwCN2X44ZGeS6RVLxsLvlNZ0VHZg0kfj0pNykHVBGBIlI=&p=3&fvj=1&vjs=3
Senior Accountant,,Cardinal Holdings,"Concord, NC","Develops and implements accounting procedures by analyzing current procedures and recommends changes.
The Senior Accountant maintains aspects of the General…",30+ days ago,2020-11-26,https://www.indeed.com/rc/clk?jk=7d67b288e38eed05&fccid=a685054337d09ac4&vjs=3
Senior Tax Accountant,,SSG,"Charlotte, NC","Research of Sales and Use Tax statutes to determine their application to our products.
Communication of research to customers and other employees.",27 days ago,2020-11-26,https://www.indeed.com/company/Midtown-Search-Group/jobs/Senior-Tax-Accountant-37280e2015a422a0?fccid=3cd66e9f50f66a25&vjs=3
Senior Accountant,,ServiceMac,"Indian Land, SC","Knowledge and understanding bank processes including reconciling bank & credit card statements, ACHs, wires, and resolving outstanding and/or reconciling items.",30+ days ago,2020-11-26,https://www.indeed.com/rc/clk?jk=dae90a6bbd24dadc&fccid=235390cdf05f26b1&vjs=3
Senior Property Accountant - Charlotte,,Cortland,"Charlotte, NC","Post monthly debt service payments for each property; reconcile monthly loan activity.
As a Senior Property Accountant, you ensure all transactions related to…",30+ days ago,2020-11-26,https://www.indeed.com/rc/clk?jk=57a01a1fc77d5239&fccid=caa1a9ea5f027541&vjs=3
Sr. Accountant,,P2 Consultancy Services,"Charlotte, NC","Develop, implement, modify, and document record keeping and accounting systems making use of current computer technology.
Preparing budget and variance reports.",30+ days ago,2020-11-26,https://www.indeed.com/rc/clk?jk=c82bf19dd96dd669&fccid=17c46caafa9396ec&vjs=3
Senior PE Fund Accountant and Client Service Manager,,Apex Charlotte,"Charlotte, NC",We are looking for highly motivated individuals with a particular focus on attention to detail and service standards.,30+ days ago,2020-11-26,https://www.indeed.com/rc/clk?jk=dfc7a5c7aed11b61&fccid=df223158b0a28aab&vjs=3
Senior Staff Accountant,,River Rock Capital Partners,"Mooresville, NC","Select invoices and print payments as needed for entities.
We are looking to find candidates with financial and analytical experience who are highly motivated…",30+ days ago,2020-11-26,https://www.indeed.com/rc/clk?jk=28e602b7cb078c40&fccid=1e1001dfd78aa247&vjs=3
Senior Accounting Specialist,,GSM Services,"Gastonia, NC","This person will have wide-ranging experience and knowledge of industry best practices in business accounts receivable analysis and reporting, payment methods,…",2 days ago,2020-11-26,https://www.indeed.com/rc/clk?jk=ef2e2560602dc155&fccid=d43799507dde42b3&vjs=3
Senior Accountant,,"Rink & Robinson, PLLC","Charlotte, NC","Proven work experience as a senior-level Tax Accountant.
Small, Mid-size or large firm experience a plus.
Certified Public Accounting and Consultants.",23 days ago,2020-11-26,"https://www.indeed.com/company/Rink-&-Robinson,-PLLC/jobs/Senior-Accountant-3d3ebbaf56b6a08c?fccid=489a5c4c2cf17473&vjs=3"
"SENIOR ACCOUNTANT, INCOME TAX - INTERNATIONAL",,Compass Group,"Charlotte, NC","This role is primarily responsible for the preparation of U.S. international tax compliance and support of the international tax team with research, planning,…",8 days ago,2020-11-26,https://www.indeed.com/rc/clk?jk=4d236139f609812c&fccid=c55f4ad42cee2cd3&vjs=3
Senior Revenue Accountant,,AccruePartners,"Charlotte, NC","3-5 years of public accounting experience in a large firm.
Guide junior accountants and other team members by answering questions and coordinating information…",Just posted,2020-11-26,https://www.indeed.com/pagead/clk?mo=r&ad=-6NYlbfkN0Cmq1pj5Dwku4j-j-jMxiR3p8DjIx5wPgrGZP7N5_dynGcPrp9S6jFTghBGlLhymrC2PeMMYObPYHFxv2Nw3CUu679la0BvBHizm877tdjeIfaLHYnwahvZtsTjn6YX1YHEQyrnJJ1pBOxbObv7AEQNzKZ0vuavT99zL7UXtkhoZTC88p4DBthY0KvZo9eYRvZr7b8_BcKNBcD0wQERQ7eeJai64Nm-7DgBFO6tjgFiIIPiGumlkoBL3IN_vsLTxZxgBckz7CRen6NboKK-81UvTx5T9KIhR7lb2l5TVwnFnhVJ4m0zijT9iOnML0AxrJs8_a7-pMjrAQlk2KKw1v3aa7FpmYSNcovZd03ocVkrUwXx5HdMgb--dXdqmIyVVLECiZjvd8OOp8GB_BCEAjUX_r91RW8TJiGRfc-f9ammHXjWJjEvvCyoybe5hyW03QzHOmr6uvcus06RwkMD5yiexcJ8jfxvpY8RQTYrb19dPg==&p=14&fvj=0&vjs=3
Audit Senior Associate,,Dixon Hughes Goodman,"Charlotte, NC","Serves the needs of the client by planning and performing audits, in addition to any other related client needs.",29 days ago,2020-11-26,https://www.indeed.com/pagead/clk?mo=r&ad=-6NYlbfkN0BX7rq5bxHIx9QUUUiCHR3GRbJ5ospyd5Pjj6pehsdPpTWIdVsp-8Y1BIdcbYJleym9gSw7dqeGmoXoOWmcT7CnNVeZC98fJNvNEPLKS6pKYTstCEmM79JYh_kdHYwrgUbiJD0VELJ1U9FEesiI0l8VZiGsaU7s5vJBVFzuQG7cDemB7sUHaSbsbIvEiC1gtxxC_NL5y5wDJ5Jn9rb7P-JjcC5rkHCmg7_Kpd4UwJFQ6iK4cBiLDRu0mwTItV8wYK_fh1J1R-sXZbUwxZMEcpc3aVwXvGS2S1e2o_47RqrgdsY2VWV4JLWEZ9G9jYsICajlU94VVuyn1OgWV7Fe7Unfc-x1G3w2EiTnjjUgkauIBfXMxleH6M7gH9bRQNdnZpnfA55qWkRA_SWgRLStdnku_RYSccxdKJDL8FJhky7yOJXH2ShzzG0XR_zGRCZ9UjS2xodhEiteOmQWol8HhbrP3jKdAxe3OWZnxQgLEmic5sl6CQJikp9y7n_51qG1YHhqpamOR1voiocZvCXXyFBNP_MCl3lxy10=&p=15&fvj=0&vjs=3
Senior Accountant,,Corvid Technologies LLC,"Mooresville, NC","You’ll be involved in everything from providing your thoughts on business strategy to organizing contract files and journal entries.
2-5 years of experience.",30+ days ago,2020-11-26,https://www.indeed.com/pagead/clk?mo=r&ad=-6NYlbfkN0Bhg8u1w9r_kD05juVR7y2SCtq2ZqWPaYG6Na1NIAG2HXVlgBYasEVQHgwhU-2YlD0cTM6vo8Uu6QKopK3Rvk5sH_rZrss66FT5LaeH-RnZ1BBqmznxUZ_GrIQTnv5NzmKvDs8P3Pt64XdMXD3EbX_MH9VPIwfa5ACCgJb2WIN8THjqPY5Rp0wzaCzlExzmUzt2qcMLRghWaslSJV6GoK3_pa5cSS_JsQPOpaXv2VCAqSOumrIzUKRZL8cUs0EPg0sAXgc73_6Ex7PhllhJPYdd3otGEbxYIs8kdfPDb_jthlRb3z1KUxmkaDYJRD5zqE2AJFTtEJ2Pjf40YeNBQ9oJ34BSd-Sn42xT-nEqrAF9VtEySbmyjWzsWtN4L_-NvoBFVpg6BJuhvuDszLqyc0XDhErKZKHXWqEUp-8LHozGXV3PvwWtmrvdP7byQGWOGmP6GF62UoM2XD3RPbvPyiLAelCgZJwtl3U=&p=16&fvj=1&vjs=3
Core Assurance Senior Associate Charlotte,,PwC,"Charlotte, NC",International hires or hires from a PwC affiliate firm to have obtained the equivalent accounting credential in selected individual's home country.,Today,2020-11-26,https://www.indeed.com/pagead/clk?mo=r&ad=-6NYlbfkN0Dr_hnQ-Jfvx8x1kl6LZGw5tBy_C31iSfGQgc5_4VANfqJsY2O7nCkwpa7QkP26kAmZ12JIThzrV6obW508tJstogbwuJ_2cih0CyUH_f0Yy5ZRWBo74dFuYjfNonfi0KKbGofD8FjNwfhRKjrEbjZW-laGmMxzqYxQz8blahNX0oWI3_Jwg46Fwpe2zEDL6AKvo9wywGXvta-jn0gwVKKYcVnvHagHK3mg1ko-W35FVdPJfVN-x1kbJiN1Vp5qMyfHBk8BjE24KDqJSJjYA304VoFH0jp6-hBkNoRo3zsFFD-9CXyrP8A4VC6BgS6ycmlY23nmsibdlbeMaXg-6XvzZT7mdP331S-S9aMXSF1RsNZQHZYUcbWUXAlOc4cDQCSADLYzyTQQvQ==&p=0&fvj=0&vjs=3
Senior Property Accountant,,Matlen Silver,"Charlotte, NC","Successfully complete monthly reporting and assist your Accounting Manager in audit.
Continuously evaluate the effectiveness of internal processes to seek…",Today,2020-11-26,https://www.indeed.com/pagead/clk?mo=r&ad=-6NYlbfkN0ADTliTSg4K3aDxe8vkHVVj5ml6bx8ND6Ab8oliGx3AtQak9O875La2bFZ7Jqdg5u2e7He4Nij17d_IcXv2nGKAIVMG_vgrDXH_UBuGNX3EB4swkufVJ-_Xr6kPk4g6KxiCvDl-3sGRe1YQmIah1vizGEtopH2bT4VHHGpI11R-9ROTF-Jq7_KSh3dvIIB76CcovnSgPAho2AogXgxlJG8HzTkE2-8ywwNOQrL2Z9wpgV6Jg1gbeg22bQPhda4pmiCICHFTktpjcwoGhvg0qqv4x3ffVd5y85cUtNUgDSMbwhvLCCv8bQ43RrFlcCZ5RBJhhYxV-jn7H3makHpF7nS2yBFcuANKLdgI1e6fJaQWKM8wzdSQY78g6x5mMv1Gg3aU-5NYaOYNlmGfGU6J_4q0vyQGXOwBxlUz1ltJlO7dW-bOog3lBWuXozpT7NTkcJI=&p=1&fvj=0&vjs=3
Sr Tax Accountant - Audit,,SPECTRUM,"Charlotte, NC","Responsible for supporting audits, planning and controls by scheduling, monitoring and presenting data under the direction and supervision of the Audit Director…",Today,2020-11-26,https://www.indeed.com/pagead/clk?mo=r&ad=-6NYlbfkN0CeXNZYxOzgf11O9-TFJft4I5QLQjKTqoL33Rtx55G7TkVGIeg0V66zAwcITAsotPIT-5MByY5kLENr6MDsfmnlmotBO3qpB2CFD-mTqeCWRuvz6Ryq2smk2OnOBMwtbMtjzW-yCkCxZNzxRCRgQaxsyrbNtRegShGmnUxq6NX5kn9cU6XLxv9YDPvyXJrlozlKBhHH7uXr9ORJK26SwJM01mfbPbobwS5_CI_Neph3GAUH0VMXrpJ3GO2OEifC1Zgt9r-PCMeyw9_GEZTH4YdiaoO09XZF6NJnQfjrh6vtMBcZPVxdgfJeNhD3gNX1Ho3djh7PX2j3DdtLFQA4SQrSMhflcvLKCzLeNYuLoUzIGqYvQ7NwfJnqgbn6EgTYgoZEfKv8DO0Ugg==&p=2&fvj=0&vjs=3
Senior Data Analytics Auditor,,Coca Cola Bottling Co. Consolidated,"Charlotte, NC","Public accounting experience preferred (Big 4 firm strongly preferred).
The Senior Data Analytics Auditor performs a variety of data analytics/continuous…",12 days ago,2020-11-26,https://www.indeed.com/rc/clk?jk=b507d5031d59cc01&fccid=7147b947660e8aa2&vjs=3
Senior Tax Associate,,"RICHEY MAY & CO., LLP","Matthews, NC","Prepare quarterly and year-end estimates to assist clients with tax planning.
Prepare individual, corporate and partnership tax returns of varying complexities.",30+ days ago,2020-11-26,https://www.indeed.com/rc/clk?jk=4de753f0b3f7a7ac&fccid=3bced6649a7d3fd3&vjs=3
Audit Senior Associate,,DHG,"Charlotte, NC","Serves the needs of the client by planning and performing audits, reviews, compilations, in addition to any other related client needs.",8 days ago,2020-11-26,https://www.indeed.com/rc/clk?jk=cbfdbbcb455041b5&fccid=f651eb7f63c0e2cf&vjs=3
Core Assurance Senior Associate Charlotte Financial Services,,PwC,"Charlotte, NC",International hires or hires from a PwC affiliate firm to have obtained the equivalent accounting credential in selected individual's home country.,Today,2020-11-26,https://www.indeed.com/pagead/clk?mo=r&ad=-6NYlbfkN0Dr_hnQ-Jfvx8x1kl6LZGw5tBy_C31iSfGQgc5_4VANfqJsY2O7nCkw-GvebBoYC67NyEua8P3-XCJeAWAcFoIyW8quaLJmmHYalNqOaA9j0rnC_AvZgeiWuAmqzdXJdbrvKMJFeW2hXU5USN_RJTKCxzD2jftka4hfJGX9FUtG6o8qFZHAKqZ-hfDvgJOY7qLvSck1K1ChqfkAk0UabbRLDVN4sWJvJyDuv1zpNDGwf-iT-nkM6OihRJVx5_XqEpf-6Fhec48Z7LjtUbyrjORIdSPvZtj-49yra3Hrq3QQQBuP4ZG3K2vUbyVdwTKpnVQLO5THUj118vzQHfGajMFJ2b5Rnpdf5A7n2kb8Di8kxM385Ld1iloB0AF18UpZ6fwh4gazw5nzqA==&p=6&fvj=0&vjs=3
Sr. Accountant-Auditing,,NFP Corp,"Charlotte, NC","Solid written and verbal communication skills, ability to pay attention to detail, work on multiple assignments, consistently meet deadlines and maintain…",30+ days ago,2020-11-26,https://www.indeed.com/rc/clk?jk=c3858036f622d2c1&fccid=95823e6a09456832&vjs=3
Financial Institutions Group - Senior Audit Associate,,Doeren Mayhew,"Charlotte, NC","Audit Associate: 1-2 years of current experience in audit practice.
Senior Audit Associate: 3-5 years of current experience in audit practice.",9 days ago,2020-11-26,https://www.indeed.com/rc/clk?jk=fc7f4f2d4caef9d5&fccid=000ad09ba7db64b5&vjs=3
Audit Senior,,Elliott Davis,"Charlotte, NC","Plan, supervise and perform financial statement audits for clients.
Evaluate client's internal control systems and develop recommendations to improve client…",30+ days ago,2020-11-26,https://www.indeed.com/rc/clk?jk=7a8849f8ec9e6b99&fccid=a3b99287cfeec2b7&vjs=3
Tax Services Senior - National Tax - Indirect Tax - Unclaimed Property Services,,Ernst & Young,"Charlotte, NC","Staying informed of current technical developments and effectively apply knowledge to client situations.
You'll help us provide effective processes, improve day…",8 days ago,2020-11-26,https://www.indeed.com/rc/clk?jk=61baca339915ee47&fccid=1544766d4c2915b0&vjs=3
Senior Auditor,,Wells Fargo,"Charlotte, NC","Experience at a financial institution or accounting firm.
Identifies and assesses key risks and controls and develops effective test plans for engagements as…",30+ days ago,2020-11-26,https://www.indeed.com/rc/clk?jk=6ab8ba9da693c40f&fccid=78bbcd26e39621f5&vjs=3
Tax Senior Associate,,Aprio Llp,"Matthews, NC","Providing tax planning, consulting and compliance services to clients.
Working closely with partners on delivering innovative tax planning strategies.",1 day ago,2020-11-26,https://www.indeed.com/rc/clk?jk=10b1714281e208dd&fccid=d04fee3adaea50a9&vjs=3
Seasonal Audit Senior Associate,,Dixon Hughes Goodman,"Charlotte, NC","Prepare work papers (to include schedules, analyses, and memos) and financial statements.
Establish and document working knowledge of the client’s business and…",23 days ago,2020-11-26,https://www.indeed.com/rc/clk?jk=f7265360ab7f77ec&fccid=8f2022a14c83ea0a&vjs=3
Senior Audit Associate,,Rödl & Partner,"Charlotte, NC","We recognize that talented people are attracted to companies that provide competitive pay, comprehensive benefits packages and outstanding advancement…",30+ days ago,2020-11-26,https://www.indeed.com/rc/clk?jk=20c2984a14cc736b&fccid=9302447067d895a1&vjs=3
Senior Accounting Manager,,Lowe's,"Mooresville, NC","LWS_USA_Retail Capital and Expense Accounting Lowe’s is an equal opportunity employer and administers all personnel practices without regard to race, color,…",7 days ago,2020-11-26,https://www.indeed.com/rc/clk?jk=baf4ccd6ca27f96e&fccid=9a55d5dc8c10ef41&vjs=3
Audit Seasonal Senior Associate,,KPMG,"Charlotte, NC",Support the design and execution of an engagement's audit approach and procedures in accordance with relevant regulatory professional auditing and assurance…,27 days ago,2020-11-26,https://www.indeed.com/rc/clk?jk=5940ded6f9e5e4a6&fccid=2dd390c3a48a7ed0&vjs=3
"Senior Manager, Sales and Use Tax",,Xylem,"Charlotte, NC","Lead and participate in tax dispute planning and resolution.
The Role: Direct and manage sales and use tax organization in the United States and Canada, which…",2 days ago,2020-11-26,https://www.indeed.com/rc/clk?jk=09a3e74db0562b93&fccid=68ec8a8ee6cf5ac6&vjs=3
Core Assurance Senior Associate Charlotte Financial Services,,PwC,"Charlotte, NC",International hires or hires from a PwC affiliate firm to have obtained the equivalent accounting credential in selected individual's home country.,Today,2020-11-26,https://www.indeed.com/pagead/clk?mo=r&ad=-6NYlbfkN0Dr_hnQ-Jfvx8x1kl6LZGw5tBy_C31iSfGQgc5_4VANfqJsY2O7nCkw-GvebBoYC67NyEua8P3-XCJeAWAcFoIyW8quaLJmmHYalNqOaA9j0rnC_AvZgeiWuAmqzdXJdbrvKMJFeW2hXU5USN_RJTKCxzD2jftka4jjHYrWSJflhQSKIQEG1j8aUPECWt6ZmhOSy0r513UvDQjRO31hNCl3j2lPMuWAp4n9ENfWu7SZ-5MLyIUGw0-3uIiCJ8gZH3dGbzOufwK0eJNugiBi1BFNJlNwXy_Q6uoRws9AicmdmV_xBI2CcO0ewR8q6yuhyVs5j5m32fO79s1zBWFGXnqllLQLm8kZkjSMUoyXnLFIO8pBHYYDIB3ldcWtqSWIu0IQQYzoWgP6-Q==&p=3&fvj=0&vjs=3
International Corporate Tax Advisory (ICTA) Senior - Charlotte,,Ernst & Young,"Charlotte, NC","Tax due diligence, deal structuring, and post-acquisition planning experience and/or inbound and outbound transaction consulting with international tax research…",2 days ago,2020-11-26,https://www.indeed.com/rc/clk?jk=1cd118e6ba9b94b2&fccid=1544766d4c2915b0&vjs=3
Senior Revenue Accounting Manager,,Intapp,"Charlotte, NC","Responsible for the monthly revenue close process by running rev/ recognition schedules in NetSuite, booking journal entries for manual adjustments, tracking…",30+ days ago,2020-11-26,https://www.indeed.com/pagead/clk?mo=r&ad=-6NYlbfkN0DPj_MlSpR2G9IHCPiRh6Jd1xSVBm_MK9O6QUh-R9rWD4lSbZxnSesEqLgKAbfyVE_j_kavUc9LQZdWzfaQ0H7TpZJVhUiqTV30CQcK9AIE-TPxZAhRCTGBvt8bofMjcX2NW1a4sXd_n_kLy0ZBlH0CNmzPj2jT7gzbD96NjRK7r-YeJwu092anD8hUtS3wihIaJR5Kl6J4-n3olrCJsEuyoLj18MKtS9lT67o7eGk4SJOMvAykvaiAC2ROBfbs8e3fe-idhox3hTpVnS08yiUQRStDq7sFVUP_T8ziu870sAJ62JySP5FPzLL6MKzQ_vkKFBcXkGICuOriU9YOtSGZ00rShNUF8zV5ZnqZ5KoV7ncAv4PLDguOJNTnQHTz-8tdw7IU_c2M6TRsPie-aYCcJJR_k9sc7mLlLcJ4flQtOMG93okYkPRYzzXwcKWeVbQWMoMYpx-0ud0qaP1ETF1gMO9c-jREIDtbtXq98NGEF2XVLEoqm25J&p=5&fvj=0&vjs=3
Senior Audit Director - Innovation and Automation,,Truist Financial,"Charlotte, NC","You will be required to create an account (or sign in with an existing account).
Should you have a disability and need assistance with the application process,…",30+ days ago,2020-11-26,https://www.indeed.com/rc/clk?jk=9d71c34ffb60c5ff&fccid=035229327af06091&vjs=3
Tax Senior - Industry Professional,,CliftonLarsonAllen,"Charlotte, NC","Prepare, supervise, and review individual, C corporation, S corporation, and partnership engagements.
Partner with clients to provide customized tax advisory…",28 days ago,2020-11-26,https://www.indeed.com/rc/clk?jk=ed937c4e3053bf0b&fccid=48d824a044be0992&vjs=3
Senior Tax Associate,,"Brumley Robinson & Associates, CPAs PLLC","Huntersville, NC","Brumley Robinson offers an array of tax and accounting services, from bookkeeping and QuickBooks setup, to tax planning and preparation needs.",20 days ago,2020-11-26,"https://www.indeed.com/company/Brumley-Robinson-&-Associates,-CPAs-PLLC/jobs/Senior-Tax-Associate-a2829af392e1da79?fccid=5a4086ac31718965&vjs=3"
Senior Tax Accountant,,CRG,"Cornelius, NC",Summary: A local CPA firm in Cornelius is seeking an experienced Tax Accountant to assist the Partners and be a part of the management team by performing high…,Today,2020-11-26,https://www.indeed.com/rc/clk?jk=b0fe4fa953913003&fccid=89dc50970b63c4cd&vjs=3
Senior Tax Accountant - CPA,,Jonathan White CPA,"Matthews, NC","As part of the JWW accounting team, you will plan, prepare and review high-end business and individual tax returns, engage in complex tax research and strategic…",14 days ago,2020-11-26,https://www.indeed.com/rc/clk?jk=26caee3c438a6d29&fccid=9e7f811726b1fa92&vjs=3
Senior Fund Accountant | Real Estate,,CRG,"Charlotte, NC","Assist with planning, directing, and coordinating accounting operational functions.
Review administrator prepared investor allocations to ensure proper…",30+ days ago,2020-11-26,https://www.indeed.com/rc/clk?jk=99a8a06091fc4115&fccid=89dc50970b63c4cd&vjs=3
Tax Accountant,,Godshall Colgate,"Charlotte, NC","Tax planning and tax projection experience.
Bachelor’s degree in accounting.
5 years tax preparation experience (individual, partnership, S Corps, multi-state).",30+ days ago,2020-11-26,https://www.indeed.com/rc/clk?jk=c344c19057579446&fccid=091aff9ac1068798&vjs=3
"Senior Auditor - Charlotte, NC",,Dentsply Sirona,"Charlotte, NC","Some experience planning and executing audits.
Dentsply Sirona’s products provide innovative, high-quality and effective solutions to advance patient care and…",13 days ago,2020-11-26,https://www.indeed.com/rc/clk?jk=6a1340e9818ad21d&fccid=bb44f58e3327622b&vjs=3
Senior Tax Analyst,,Electrolux,"Charlotte, NC","Possible areas of responsibility include, but are not limited to: data input; analysis and processing information into corporate reporting system and tax…",19 days ago,2020-11-26,https://www.indeed.com/rc/clk?jk=ddc2c535e79b4a1b&fccid=3a6b309410a33a62&vjs=3
"Tax Senior Associate, Insurance",,Dixon Hughes Goodman,"Charlotte, NC","Manage client work flow through proactive communication with client personnel, appropriate delegation to staff, and proper planning with senior managers and…",13 days ago,2020-11-26,https://www.indeed.com/rc/clk?jk=d4e4f2aedc2fb422&fccid=8f2022a14c83ea0a&vjs=3
Sr. Director Internal Audit,,Honeywell,"Charlotte, NC","Own and oversee the development of the Corporate Audit Risk Assessment program.
Deliver specialized finance and business audits, business assessments, and…",30+ days ago,2020-11-26,https://www.indeed.com/rc/clk?jk=430c246d13422583&fccid=50208b5bf45ee3b8&vjs=3
Senior Assurance Associate,,"GreerWalker, LLP","Charlotte, NC","Minimum of three years of experience as a staff accountant.
Technical knowledge sufficient to supervise staff accountant as well as review their work.",30+ days ago,2020-11-26,https://www.indeed.com/rc/clk?jk=2f08287981010dc9&fccid=3c9696c129c591c6&vjs=3
Core Assurance Senior Associate Charlotte Financial Services,,PwC,"Charlotte, NC",International hires or hires from a PwC affiliate firm to have obtained the equivalent accounting credential in selected individual's home country.,Today,2020-11-26,https://www.indeed.com/pagead/clk?mo=r&ad=-6NYlbfkN0Dr_hnQ-Jfvx8x1kl6LZGw5tBy_C31iSfGQgc5_4VANfqJsY2O7nCkw-GvebBoYC67NyEua8P3-XCJeAWAcFoIyW8quaLJmmHYalNqOaA9j0rnC_AvZgeiWuAmqzdXJdbrvKMJFeW2hXU5USN_RJTKCxzD2jftka4h4KlQV2bICDNc1zjZSTNw6MoXzbGNa5eHhVT39w2ty9Y54ZaqnCJeQy6UenopM03qJTvnpkU-I8JCMvwsQtjSVKjF73laBRxC08zpETyWetpuilW-QumU3FHE2eLgEaf07I_AVix2WEW8iXUO-hsN5rE_owIPqXLrWetQSIFJqh2DVkpa7ztVT_khG9S3dGZSvdy73gRScANpTKfUre3tCjGH4i116YUGcnNx6zhrcng==&p=3&fvj=0&vjs=3
"Senior Analyst, International Income Tax",,XPO Logistics,"Charlotte, NC","Assist with tax planning strategies; assist with modeling the impact of tax reform.
3 or more years of professional experience in a publicly-traded corporate…",29 days ago,2020-11-26,https://www.indeed.com/rc/clk?jk=1ab72326e59f6de6&fccid=518acc75d1476dc2&vjs=3
Audit Senior - Charlotte,,Cherry Bekaert LLP,"Charlotte, NC","Dialogue over engagement efficiencies and client specific risks.
You will develop audit approach to be used by the engagement teams.",30+ days ago,2020-11-26,https://www.indeed.com/rc/clk?jk=8082967abaf4516a&fccid=3ff4bafda5d00b97&vjs=3
Senior Tax Associate- High Net Worth,,Red Ventures,"Charlotte, NC","Solid knowledge in high-net-worth person compliance and consulting matters, including tax planning and tax return compliance.",30+ days ago,2020-11-26,https://www.indeed.com/rc/clk?jk=280f3e3ba4683114&fccid=c39dcf34372f1519&vjs=3
Senior Associate - Sales and Use Tax,,RSM US LLP,"Charlotte, NC","Provide excellent client service to multi-state companies with state and local tax issues including compliance, advisory services, planning, technology, and…",30+ days ago,2020-11-26,https://www.indeed.com/rc/clk?jk=03248f9ca58dbd81&fccid=198b7374e1f8a26f&vjs=3
Senior Tax Associate,,"GreerWalker, LLP","Charlotte, NC","Participate in client meetings and serve as the Engagement Lead on specific client accounts, taking responsibility for pre-engagement planning, execution, and…",30+ days ago,2020-11-26,https://www.indeed.com/rc/clk?jk=771e8edfdedc4c86&fccid=3c9696c129c591c6&vjs=3
Senior Financial Auditor,,Data Bridge Consultants,"Charlotte, NC",We are a world-class organization which leverages technology to effectively and efficiently deliver the appropriate financial knowledge in the optimal format at…,30+ days ago,2020-11-26,https://www.indeed.com/rc/clk?jk=93039dd7029b52f7&fccid=eb7bcec5d5284bf2&vjs=3
Senior Associate (Audit & Tax),,Rödl & Partner,"Charlotte, NC","We recognize that talented people are attracted to companies that provide competitive pay, comprehensive benefits packages and outstanding advancement…",22 days ago,2020-11-26,https://www.indeed.com/rc/clk?jk=1ef01a27d366788d&fccid=9302447067d895a1&vjs=3
Assurance Services Senior - Financial Services - Financial Accounting Advisory Services,,Ernst & Young,"Charlotte, NC","Knowledge of current market issues in financial services in the US.
Upon embarking on a journey with us, you will experience professional development through…",8 days ago,2020-11-26,https://www.indeed.com/rc/clk?jk=92972d5086a4a877&fccid=1544766d4c2915b0&vjs=3
Sr Internal Auditor,,Honeywell,"Charlotte, NC","Some experience planning and executing audits in global environments.
You will partner with Business Leadership, Controllership, Finance Operations and External…",30+ days ago,2020-11-26,https://www.indeed.com/rc/clk?jk=9900648edced71d1&fccid=50208b5bf45ee3b8&vjs=3
Assurance Senior Associate- Real Estate,,CohnReznick,"Charlotte, NC","Serving as the Engagement Lead on specific client accounts, taking responsibility for pre-engagement planning, execution, and final deliverable.",30+ days ago,2020-11-26,https://www.indeed.com/rc/clk?jk=af7eb047d18c1431&fccid=f0bade0760e83581&vjs=3
STRATEGIC FEDERAL TAX SERVICES R&D SENIOR ASSOCIATE,,GRANT THORNTON,"Charlotte, NC","Field work typically involves visiting the client location, touring client facilities, investigating relevant facts, analyzing accounting information, preparing…",12 days ago,2020-11-26,https://www.indeed.com/rc/clk?jk=398e6e0f40cb978d&fccid=7ac82fceed64aa81&vjs=3
Senior Fund Accountant | Real Estate,,CRG,"Charlotte, NC","Assist with planning, directing, and coordinating accounting operational functions.
Review administrator prepared investor allocations to ensure proper…",30+ days ago,2020-11-26,https://www.indeed.com/rc/clk?jk=99a8a06091fc4115&fccid=89dc50970b63c4cd&vjs=3
Tax Accountant,,Godshall Colgate,"Charlotte, NC","Tax planning and tax projection experience.
Bachelor’s degree in accounting.
5 years tax preparation experience (individual, partnership, S Corps, multi-state).",30+ days ago,2020-11-26,https://www.indeed.com/rc/clk?jk=c344c19057579446&fccid=091aff9ac1068798&vjs=3
"Senior Auditor - Charlotte, NC",,Dentsply Sirona,"Charlotte, NC","Some experience planning and executing audits.
Dentsply Sirona’s products provide innovative, high-quality and effective solutions to advance patient care and…",13 days ago,2020-11-26,https://www.indeed.com/rc/clk?jk=6a1340e9818ad21d&fccid=bb44f58e3327622b&vjs=3
Senior Tax Analyst,,Electrolux,"Charlotte, NC","Possible areas of responsibility include, but are not limited to: data input; analysis and processing information into corporate reporting system and tax…",19 days ago,2020-11-26,https://www.indeed.com/rc/clk?jk=ddc2c535e79b4a1b&fccid=3a6b309410a33a62&vjs=3
Senior Manager Indirect Tax,,Lowe's,"Mooresville, NC","LWS_USA_Taxes Lowe’s is an equal opportunity employer and administers all personnel practices without regard to race, color, religious creed, sex, gender, age…",30+ days ago,2020-11-26,https://www.indeed.com/rc/clk?jk=74bce11b7ec14f16&fccid=9a55d5dc8c10ef41&vjs=3
Sr Tax Accountant - Audit,,Spectrum,"Charlotte, NC","Responsible for supporting audits, planning and controls by scheduling, monitoring and presenting data under the direction and supervision of the Audit Director…",30+ days ago,2020-11-26,https://www.indeed.com/rc/clk?jk=7ad078f48a08afa7&fccid=c2d1b0769a534b4d&vjs=3
"Tax Senior Associate, Insurance",,Dixon Hughes Goodman,"Charlotte, NC","Manage client work flow through proactive communication with client personnel, appropriate delegation to staff, and proper planning with senior managers and…",13 days ago,2020-11-26,https://www.indeed.com/rc/clk?jk=d4e4f2aedc2fb422&fccid=8f2022a14c83ea0a&vjs=3
Sr. Director Internal Audit,,Honeywell,"Charlotte, NC","Own and oversee the development of the Corporate Audit Risk Assessment program.
Deliver specialized finance and business audits, business assessments, and…",30+ days ago,2020-11-26,https://www.indeed.com/rc/clk?jk=430c246d13422583&fccid=50208b5bf45ee3b8&vjs=3
Senior Assurance Associate,,"GreerWalker, LLP","Charlotte, NC","Minimum of three years of experience as a staff accountant.
Technical knowledge sufficient to supervise staff accountant as well as review their work.",30+ days ago,2020-11-26,https://www.indeed.com/rc/clk?jk=2f08287981010dc9&fccid=3c9696c129c591c6&vjs=3
"Senior Analyst, International Income Tax",,XPO Logistics,"Charlotte, NC","Assist with tax planning strategies; assist with modeling the impact of tax reform.
3 or more years of professional experience in a publicly-traded corporate…",29 days ago,2020-11-26,https://www.indeed.com/rc/clk?jk=1ab72326e59f6de6&fccid=518acc75d1476dc2&vjs=3
Senior Revenue Accountant,,AccruePartners,"Charlotte, NC","3-5 years of public accounting experience in a large firm.
Guide junior accountants and other team members by answering questions and coordinating information…",Just posted,2020-11-26,https://www.indeed.com/pagead/clk?mo=r&ad=-6NYlbfkN0Cmq1pj5Dwku4j-j-jMxiR3p8DjIx5wPgrGZP7N5_dynGcPrp9S6jFTghBGlLhymrC2PeMMYObPYHFxv2Nw3CUu679la0BvBHizm877tdjeIfaLHYnwahvZtsTjn6YX1YHEQyrnJJ1pBOxbObv7AEQNzKZ0vuavT99zL7UXtkhoZTC88p4DBthYGv1EEpneqKtnKmwjyaYz4z61HK1fHqQ8XcuKMrARB_DZwfsOM8NA5msAZxzz6AWYpZ53bFJsXCaiB6uNyXe51kFwyPlP6plqjhjt42oCqbf8T8K-arbhy3y02KMokMwWkp0xxB7EM4JHPRm-1DimUs-2oMFFu1D8RIY-hRw__UEneWPi7lcTaE5qLTmKgEfMJksWLJbhd-XRfmxXvvtwSlAnosIRJ9lvzJn1lPYTVsVHfQ_vHFSS3jboHiQyecb8OdwcsXBu-JCRNuwOaZ0S-pxW1Ib_otDz6XsDFI7xuiKA_7mQjv42Ew==&p=10&fvj=0&vjs=3
Audit Senior Associate,,Dixon Hughes Goodman,"Charlotte, NC","Serves the needs of the client by planning and performing audits, in addition to any other related client needs.",29 days ago,2020-11-26,https://www.indeed.com/pagead/clk?mo=r&ad=-6NYlbfkN0BX7rq5bxHIx9QUUUiCHR3GRbJ5ospyd5Pjj6pehsdPpTWIdVsp-8Y1BIdcbYJleym9gSw7dqeGmoXoOWmcT7CnNVeZC98fJNvNEPLKS6pKYTstCEmM79JYh_kdHYwrgUbiJD0VELJ1U9FEesiI0l8VZiGsaU7s5vKWMJmhj2Q1uAD6qw0Ylfegx9V_pbPjHoMQs82qbboOSVUk-Ae7Qsb9XNp-D7EQAFsU1G2ApDcaTBmByFCnTe-vpGypJJGC3xE9HjSYVnIkSbQrhQWd1Uh8GIEfvY1PdLYNtT-8XXqaL0YqTz6AxgFUBj3-TPXlxYZm2t4XpKSuMN0sVc3RQVywjWVYF-hN9VaXOtJRJgRbCXnLyBpTjyvMByVQoIZ89vlK3r5NoX5Kbh3gPZ5rdRaKlHgLMZ2skCJKjvdGPkL5VEWdLrmzLNd4zppBF3ltJEtn_jNEFJgjZrbsDhVWyizLAhfT2Td71RniOPFuYawIc_7K54TDwYBK4bElbQjTSmYjL8dIIOud5xygiexKqYyRbvOGr_YWoaQ=&p=11&fvj=0&vjs=3
CPA Senior Tax Accountant,,Ken R Adams CPAs PA,"Charlotte, NC","We offer 401k match. health insurance and paid vacation off every friday after tax season! .
Job Types: Full-time, Part-time.",12 days ago,2020-11-26,https://www.indeed.com/pagead/clk?mo=r&ad=-6NYlbfkN0A_00Q_tH0hnVh1sObUpCTEv8eW_HRxuzprptC2Rn6K3qWJqnsjSNzQumo29dEM0SpF13iQBYzvE6gb4gRmEyUCVjXpdElqPd2ZY96YeRiGRkEWwCXwCa48LfJ_oVCBwL1TUhN8u_ezqhyia_FBvx_HQiKvtOVdWWjmianaEXerjafpoB-FtD_aYHKM0UyAYXoAAZwID_cVteqtw1cisE_V6X62DSAPZB2aA-ZQtbizppb6epOiAia85YV9ZbL01VtagAgKnpRCH1p1ZD6XefyieEXXR_yx9KSEGYH0nVj38j0QNJZfc7DWBy8qXLvyO8SepkP46EkOGyuVXB8_KZPBn11TJmvfECAntfr6qHv8OprP8H6SqU_yanjXLjlVCUu7UhHGegGnnj-Szy4UACJO4RaxWcfxkhI92_53j866ThT-8Wmv6BDth9hpAF7Ljjzw6ASeRdQ2LK-oUuWESm_6qD3VjfP4g_c=&p=12&fvj=1&vjs=3
Tax Senior Associate,,ParsonsCPA,"Charlotte, NC",You will work with experienced staff and managers in both hands-on and formal training sessions to broaden your technical and professional skills.,30+ days ago,2020-11-26,https://www.indeed.com/pagead/clk?mo=r&ad=-6NYlbfkN0B5TkFxHlCYPo0vOBXpj4zNlUT5EFD3OPS87FtW3bAXRWNqDv7Es5BmgeHWVNDJ-vmRBn_b9uvf_5du7DgtiKXCV3LEragWE-ddGGkGVp76g6iuW7PnnYdqLKuHhWpHgzQwbVnsWK9Bdmw-o2bH3xndu7V2l8UGhSRWLKoK_t3u2Xan-MqlVMPrV6Ju4-eoZHI25W7dbk2AWAkoG1AQH6c51FsYwcGZGpYWg3cREqfuf02FZamCQxGoFSM3vmgNct-jXDo2cHTrF7fLQyg4ZAq_goRxKDOLPWymIbOMoBaNYP_Mi66XxDx38n6cz0dhBHCuE33YRWx4rd4w8qAwn9pujPqMiBIOVt3HuUqgniGuxllTS0EyD58bJO-KOjV8mPNRY5eMYBRmjj9Qn8rFP5d3e6dckXeZ3jDgSKOizW4DdiSHJTxuHE2Lci2MTDoUR9Ouklmc15FkoM_OGQwh9owku4uA99swIUw=&p=13&fvj=1&vjs=3
Senior Audit Accountant,,Bernard Robinson & Company,North Carolina,& reviewing workpapers; keeping mgmt. informed of status of client engagements; establishing & maintaining good working relationships with clients and firm…,21 days ago,2020-11-26,https://www.indeed.com/pagead/clk?mo=r&ad=-6NYlbfkN0Bqp1klGN3DByv8CXiIDwvu9zdnux5himD5pe0PQBmTD78jy0CdOvWdq_WF8E-ev0bzeUqFWJe8BNKhcoJiuw9tLXxE6ZoA5jnGgANwANfzLTifg-122x-MOGcd9ykzSiZ-n3xQnb4hc8UJvoIAkGwJzEduOvIJbX6USFHnckXmVjKY05hXcw3uPMup6VqI9ChMM7NecrCIoWerrCsQOib75p3PRo15Jo8I6kDBLSbDxOcp_7cpBdRc8qurQbN-oToe-CeTxfsSh4rc3nBsdvYj5nHul1rFuSHkfk7R5isdJKFAi1gSQxh-NsjQ_dsdqVEeFYgNK9IrIKEi_gYs7UNugRnIRnoytR463RJYtHIH-joaMF9l_Wh5jA8S27E0LmgSHb1M2f1iqGlBN8HksfjUmrpO5xABRxCrc8KGN14YxGtMcJz9alsfiYew4cTUANPct8v1NUUrUfReKsOYZ4VOs55fR5IH1fE=&p=14&fvj=1&vjs=3
Audit Senior,,ParsonsCPA,"Charlotte, NC","Demonstrate the ability to provide team with directions, play a key role in execution of audit engagement from planning to wrap-up, and develop audit program…",30+ days ago,2020-11-26,https://www.indeed.com/pagead/clk?mo=r&ad=-6NYlbfkN0B5TkFxHlCYPo0vOBXpj4zNlUT5EFD3OPS87FtW3bAXRURgKOVyMyVJ5WI-UpsCO-tQAVYJsJ0ZGtV3QckeC4pvGIiEUbcQ1ksooyWHIBEsnNUmmSX2w3wL5F9BxlYDnVRQhKLz92vfIQ-4x6RCSIIlMMSlq5lSsd0lOzsGsS0cMZ1K9ofKBWAKJAoYH6_AYZGS2W423cZ7yfv3O2060ZaE5LWU0Sy9qCwU5Px9FWavQWcbUdcDImLjjg0Hr66E68DAQ_4INC8ppFzO2CnpUl49MNSjj_2tqZOBscmJ2-UKfnm8JE3CAqiMdNt0PNHfkjZkMRYLBGkfOozadpS8-TgI10WVOMX1FTNcwFa3Fos7NbykuZ2PPBPicnX9egXMD5pAWzGOVdcmWgs569idDFgsJlF2FXSoqpW0sdc7mBW8YUxOjKuwN7zIsDwswArlJYPJ4EPZ_s65ZT4_2dtB2uGQ&p=15&fvj=1&vjs=3
Senior Accountant,,Corvid Technologies LLC,"Mooresville, NC","You’ll be involved in everything from providing your thoughts on business strategy to organizing contract files and journal entries.
2-5 years of experience.",30+ days ago,2020-11-26,https://www.indeed.com/pagead/clk?mo=r&ad=-6NYlbfkN0Bhg8u1w9r_kD05juVR7y2SCtq2ZqWPaYG6Na1NIAG2HXVlgBYasEVQHgwhU-2YlD0cTM6vo8Uu6QKopK3Rvk5sH_rZrss66FT5LaeH-RnZ1BBqmznxUZ_GrIQTnv5NzmKvDs8P3Pt64XdMXD3EbX_MH9VPIwfa5ACCgJb2WIN8THjqPY5Rp0wzUAlQxRGbpW5ZL9TT58P79-Io04yGNrE0CWTsFNBKEydllcJA3pWmYg4IcQNROa7pCK6-CWUXhYmqpuI4PDvn0RL1_tTSMUjianop4tGaoF3rLe2t9sePbBHVcmOccq_A0y9S-GTd4S_NbAbskxjpSAiNDAkUiw5fuILv4uVsdgLUGs0TtC3-PL6J3DSAk8hxIzAaTWAnWYdtCHU8jWnSGyMOHQe1CQNCMmNdokOJh77xmXRhXLr433TuwS4MO8op1DfduI9lpvNNLGpZaYuwKCyU7F_3_ixDQJJaUiTOnK4=&p=16&fvj=1&vjs=3
State and Local Tax Senior,,Elliott Davis,"Charlotte, NC","Perform or manage technical assignments in the following areas for state income taxes: due diligence reviews, state tax provision reviews, state filing…",30+ days ago,2020-11-26,https://www.indeed.com/rc/clk?jk=0fb58397e3ef3cfd&fccid=a3b99287cfeec2b7&vjs=3
Tax Senior Associate - International Tax,,RSM US LLP,"Charlotte, NC","Dedicates time to coaching others in tax software, business process, research skills, technical expertise, planning and project management skills while engaging…",30+ days ago,2020-11-26,https://www.indeed.com/rc/clk?jk=486fc02e672be8ae&fccid=198b7374e1f8a26f&vjs=3
Senior Tax Accountant Job - 100% Fully Remote - $65-95K,,W Talent Group,United States,"Candidates will work alongside junior and senior staff, managers, and partners, and will be provided with mentorship and ongoing feedback to promote learning…",2 days ago,2020-11-26,https://www.indeed.com/pagead/clk?mo=r&ad=-6NYlbfkN0D63Aq43jk10ETk-yivZg7chB-7Ef0rperOxrq5wLWpxcCxNJV3mN8vs9utjvDakm9302emOdTHCC7SDPNhGnlXtEfHjQoeoEDjOAhguLmKkEXr7DqcvjTM0thL5DhmmtGW9ohcDBHLvEIHkThAuqE5ful2OZtfVca9Cso9Df2Q48jIv5Y_k9-cJBMCZQVw99DT0AtGaaD3gVe5cvA28eAoaFzvzvqfiRVscp1Ak_eQSNprvRFTy4fSHBII1mrhPvKLKuz-BkaQCf4TDNvqPlH9LX64AgTfARUmzGTNr__-FPpxAzgbdDCm2JAZb9x-9q0xUJJdY__v4ZNONf7In9NwPa1gyVsV0Fc6nVEb-5krEdU-04AY6e9Kdge483N19uNSW3q8PkLUd7jm1jZwfqveoWxrroChTUvJYMiGRReg0_eiGadqgn6BQlg2T8-XTOjRY_xN-7xlS9H35fSuXi7gLCWWIosvqYYw9fhotTnzzaSBOHe0fhUR3OeuGNPez_8=&p=2&fvj=1&vjs=3
Senior Tax Accountant,,Confidential,"Charlotte, NC","You will be responsible for becoming familiar with current tax theories and laws and performing procedures in accordance with firm standards and in an accurate,…",30+ days ago,2020-11-26,https://www.indeed.com/pagead/clk?mo=r&ad=-6NYlbfkN0C18Ur47gwP-Ti99Ogt8PpdulwLqllFYwYikqVWHOtfpIhlOTf9ppE4NzTh_vX8xLF6kbn0Tm2wIYmoiQJBGZ2AHDw8HmGaJyXC-piyCnaPTto_XtGRzQZp5hRrhP4509jCaPvvcpY2_Jv7k8eB-PtrHbVvdFnt5AA59-qngkG2kOVzJwIoPoudrjQyWpHKWrEQk37KG-CvV_OMcpOiih1PB1Lny38bE7kaz1ZaLTRM4uo32uy7l5f6EjBfoWHIrIH2SsvixKavprU9a6w177grqn7ucOvrzkUPiPFOwRUpXYFCbYzq2HZ3Pe3_t1pQXH9xn5WEp4SgVJVLCVn3GDhb6o5a2pMOGarnh41l1F1fjRz1CUZSZZRM6AOjB76mB0J5rYwivwX_Zg4UEm0xt1CkRsffuVQARZ6aulm3jxZZEXXIqD80jxDLxUL1TtoDBVadCxXmxl3r8ziaNUF_MUTCYY4VsXk47Dc=&p=3&fvj=1&vjs=3
Senior Consultant - Internal Audit,,Dixon Hughes Goodman,"Charlotte, NC","Provide the following advisory services to clients: Internal Audits, Operational Audits, SOX Audits, Compliance Audits, Process Improvement Projects, ERM, and…",30+ days ago,2020-11-26,https://www.indeed.com/rc/clk?jk=c3613a493aa3a681&fccid=8f2022a14c83ea0a&vjs=3
Senior Accountant,,Kaygen,United States,"Big 4 accounting or middle tier firm.
Review general ledger accounts and develop month-end journal entries.
Process, maintain and report on fixed asset system…",Today,2020-11-26,https://www.indeed.com/pagead/clk?mo=r&ad=-6NYlbfkN0DnlPV7QUTCWdKuIJzmELfVYl3Q47lQqD3bFm5fkBoxwGonBVD7Eb1UWXyWQEO4ZF9LD1lmRoSfHSVY7syJtlFB96y0Cw2grMJFLal8NdnTaI-z-ou9oAvYR3GVBZXEIqtFVuCUkdfPeiIkOBcjGFA5PbvsgA4x3yk2ea53D209RAeTDq3xV50Z1N6Bo_6HPZ9CcS-sIdAlGzLKTrMiM_c4RLIjnzFKBlyejyTFkWA4BJLGAkqiOH30Q_nvfo3LvPtJHtKOR0K4VnV4mhCzNStD_nwmTyO6jwwyEH3SpGgPW5s7Q5IBQYE954dr1h19y-KgbEs3zUKC7Rmbs2_447tKaahIsQVhIWP_CfRLjq6xLT5OcVxMItnumX-VA2efDhzWPKrUjL13X6U7Qb6JmavgoHc5UVXjHakulBs21_h8uCEOYWTVX3HUqDZASaqR0GyZGu-xDzXTTVDWOL5UByYRDIR-WLw6Buw=&p=5&fvj=1&vjs=3
Core Tax Services Senior Manager,,BDO,"Charlotte, NC","The Core Tax Services Senior Manager is responsible for advising clients on the tax implications of their business objections, evaluating and selecting…",30+ days ago,2020-11-26,https://www.indeed.com/rc/clk?jk=2c7ec43b9512ac06&fccid=3639654bd4055c70&vjs=3
"Audit Senior Associate, Renewable Energy",,Dixon Hughes Goodman,United States,"Serves the needs of DHG’s Renewable Energy clients by planning and performing audits, reviews, and compilations, in addition to any other related client needs.",30+ days ago,2020-11-26,https://www.indeed.com/pagead/clk?mo=r&ad=-6NYlbfkN0BX7rq5bxHIx9QUUUiCHR3GRbJ5ospyd5Pjj6pehsdPpTWIdVsp-8Y1qW3HHmxZjXdi2mTjfT26PIiygzEhj4fVdshXAqtvWpASUxw-zsEIu4foH9H8T-9en2YwtEXhqn-hYpr4iqdltzygTDALqNfX5XzwuATFgFiP6ljAfQCK-oaQO-BHhUi4nVSu8TfgwQbgahDjoKQ3yf7zZYZ0YnNOEF3L0ISOxXZUX5dgxdaAg0UkS8VguFZmJL0jKJXWv2QtrBeFT-1ou6kEqrzjBlF3LanAZQJTSlYPWnd7Fq3uGU9UJSFvm7YJNUi879U_0pMiurEjvpFwEzzRgPkX4pYw1DgQyGRnug9qe-xIF35n47YndIUccg5fRNbcByfEv8V9160r2eCSwiYRKh6bBJZgpOSPiOzeGPXa-i6nS5TFrHbp2vwWdaIAfccQNgBHviZgUtJLowJZr29wSCNhQIaJQbXoiIMm3ahB1eEiZAJ4CPmLN6m66SgAVoek1LnR6yjX9aOxL-vta1NAJ5tp6C7c&p=7&fvj=0&vjs=3
Interim Senior Accountant,,Vaco,"Charlotte, NC",Required to be a key contributor in the annual strategic planning process and the development of operational objectives for the plant that are aligned to…,6 days ago,2020-11-26,https://www.indeed.com/pagead/clk?mo=r&ad=-6NYlbfkN0D_sybMACCpf9B-677oK5j6rPldVB6BlrVvFjO_o-GJZbzuF-qh4PxErFUqfUsv_6tNuGUn3kgN--zXUdU4rVb21NH1Op3ICbfKW-gjbxQaxV97IOHjPc222glqv3SWUlOLJBvyc0rq2eSIWrYoVpqNh7qkmSql5C6YshacXq7ppTMTGvDomWNwTzZdlzU9u_Q2OsfLifpy1p2VOUAJph-aR5d4Uia4jBla3p2wbasU25uMyPaiUMl_yUfYn7fprzbYHm7J0vNApj19vyaWcOmuKj37Dq94oO8mWNMBMe0bqngoTk-tZHCveALc00cICvuc9MCTspX_izgZj9ZNtgT23GRfZlW6r2JkHks-0ErroYovWJDamAb7OOraC3r13sXt738JazvFeOtNVos0Sz47pNVny0gMQK_kcapxTSwOSkSBL69dCqaBkszUubrENQPjKRqBvZ81hdQuFTEM1jVwrKYUsPsrBmoN-A9T3aTQXiLETJ9w0Joi3TCyLviETNVdLr_A-GopDA==&p=8&fvj=0&vjs=3
Senior Fund Accountant,,Spiegel Accountancy Corp.,United States,"We offer timely and constructive feedback, development plans, and provide timely and regular one on one meetings.
Detail oriented and deadline driven.",30+ days ago,2020-11-26,https://www.indeed.com/pagead/clk?mo=r&ad=-6NYlbfkN0AktFKg0jCT_NfGLw1ZG5azN6Sv4xRUpJKei4QqfRdo9HmqXGXf0Km7uLbo7FbbAAxb9cRnkViQYpvVkazUV7lEsCo521OviZ62gsrWtirDWLnxZDiPIlrcRMLOTSv23yrskLi-ghpGtQC8qGmaFN-g6Eaxwk5E46Rn1khjc-6dyBPFdcZ6BAEXPg_b-mNH1LJNld0hx4g52sCHLJ63685rw1S5M7HOyiCEzSzrTp2TwbWbg96Ey4cRVDh-R2gzIgJog35rPBJKzroOL88FSqEWwSYlXAGNc7VnEn3qq3tUjoOkb7QpV24Weq0ZbzLkQAuu3tlFiQMIQvSoHwYl1PLtkgelyJkDHoAMJzujdW5LCs_i9d80PKECNU20p5AfbvhMp15DjT3cJ_gXD47r0sKNSk0RO3Q7KfJ3ClEpUJxNX6QcNaTV6Wak2BAqEX810pKuucRAuw5MFt-hSM9U4ham&p=9&fvj=1&vjs=3
Audit Senior,,The MFA Companies,United States,"MFA is seeking to grow its accounting and advisory firm with the addition of an Audit Senior.
Bachelor's in Finance highly desired with a Master’s in Business…",1 day ago,2020-11-26,https://www.indeed.com/pagead/clk?mo=r&ad=-6NYlbfkN0Aq3NzfwYUx_VL9QTYduxBHE-_SmpORH_R30UP9LY4pqvbuwAYi3vX5gPmxXaXlPF_w5yCCfnuvJYtLLREImR3VZaqpQ08PH4Grw9nEhSURvdDjmhA__F0v9va5pI28a1ul7oNCs_3lbve2k088BnaUwHF0W2eYRiVNgCl0gUWbTPVts7q_WFOiKERJ3L23YUsWZhWwyoJvnrASQ2EuV1UBlsltk8D6Gmkb4wDAtQxVcdQG1QcdA2hM4KatoPXNRxYBR4bRt3LYBNJU8QIDYyG0eoPiSecAxe01f87HWSqlTlI2xZv6fhcp3cxQEKbKX3l-WUJeMbhFqJi9uoAp60vZYQI_wlDsz7F3715FzOOvYs5A5xvRNpmubJgzESPUOGyJm7E8vLe0Ji43Lx1mv4KV-qLzqJdu2h-d6bdwDpmDNOJKtSAFJxjkLmtMtnt8lJvCCjI3VSIBfA==&p=10&fvj=1&vjs=3
Senior Tax Accountant,,Lewman Accounting Group,United States,"The Tax Manager will be responsible for identifying and implementing tax planning for high net worth individuals.
Organize and update the tax database.",30+ days ago,2020-11-26,https://www.indeed.com/pagead/clk?mo=r&ad=-6NYlbfkN0CjvdZrwm0xUH9I1NkbFLlARnkoTMdHODaMPv9Znu-nKOrrKebuKwW3z4vqFLXEgvT-fHjG5M2jc8Y20fiNBIK5QwDQZGvnendtDEslgYxjHjrEnfEut0-sAmfRZSarbjr2T5CnHTnle-YKqGHbLNZqOgEUiw3HzzWNJJTE9S5uC0r3ToCpOh8IwRnlXivSsZKCwvMvRqCJVqdc-iWjJNNIjWZWOR80ihepZoV8MBXzaO_3CAKITP0UkvfUqC5X11UDt4WUvB_g5tj48PKxi3PrAbRB8Ol9sHDY_GM32B7KB4tXoLJ4i002bFqNdKSKcVWE-LqWgu-JXM8agQa8zVxauzpJdRexp8StfOrZoFOIfT6hRCcaO6zZ8BoYeLqAvPGUrPEAOrs82mVXDHyP3qoNkyc19zqysX_d0PZiP2oUrXxVknOvnbWv7b0jDTEoDvr-61chZ8Kw5PSU3rFdLTlM&p=11&fvj=1&vjs=3
Senior Tax Accountant,,Vaco,"Charlotte, NC","Experience including corporate, partnership, individual compliance and planning.
3-5 years of experience in taxation, required *International Experience a Plus!",9 days ago,2020-11-26,https://www.indeed.com/pagead/clk?mo=r&ad=-6NYlbfkN0D_sybMACCpf9B-677oK5j6rPldVB6BlrVvFjO_o-GJZbzuF-qh4PxErFUqfUsv_6uudQW2ykuEM2EGP-x_wJeMZ4RT-75RGLGhwdBWjhot6JEjVazhkGsIP2eTrPjbJ-KxJ3zDAtb4Z0BOfdBZf5NCNNsEW_YKDp249AExPUrkHM32-0h8vutyC-FvkeJYgY2hlsmmkPsxXvh-MnFKrnW3YQVXRneNdTLw9dgpCcylMl6grKguc_RmY8kr01fSWmD5Hdi9JjHmqBXviqxUPTXbPUDGvjB_mtdH2IeYH8Q891gbbAamWNo0-CH55JaksoQoB6_zZ5buSUaeZY2VJpRvwxjY2_2yyZb-wCJbg8ZMR4MGo_TqKD7D6XOaM5MLyd-QEPrKGSRRpaOj9S-ukC0kepwxWtp_08Jz4ff8RQvuM3Y9GHY0Y8jpV24x3Vp5wj62dzc9Wu34WhijBhTd_8iGKMdf3441mkQsV6d_8WtRfmE1jt2Zh6q9IqSkzZI5gr0=&p=12&fvj=0&vjs=3
Senior Tax Accountant,,Club Capital LLC,United States,"The Tax Division is responsible for the tax planning, preparation and filing of individual and company tax returns exclusively for Club Capital Clients.",27 days ago,2020-11-26,https://www.indeed.com/pagead/clk?mo=r&ad=-6NYlbfkN0DHmsBfGLNdsbiOZHFIFkgrCCE3d6_VLeDEVMAXpukvf13oSKzCnrtRjZbdCqiQ_xZH2Td93VDVgbREAYXWTC_TlZbX3WQlL5hEUhFuUPXGBnBHVnIS71r00yq2f12S39oD_6LnNnwhtjn2E_KgCv2Md8y0tJdIRIH46Y5Vyey3y9Kg3K_z94I08gOdVkdHK_DuR4GTezkt_KLLGOKqquVh1lvL0LYrxoW9I7inEZx3xHbi0vGaxbZqpM6pxJouGtkeoxlsIB_7rtIW-7Hnf3ckZGbuHgFLvrzo96mSKSWo2iOEYX-O-2PvqlYDKvjTiId_Y9kXxu17dbx1gtRVACI5KruNfagJKF9dnUYvwciAF5EZpL_hSprc76phkP6yNlWgrGCT5g5TC9AK8aHkMIExuQitcGzXuVQvWaFWCarjzsEcmn5X-NqJ&p=13&fvj=0&vjs=3
Tax Senior Manager,,CohnReznick,"Charlotte, NC",Identify opportunities to expand the scope of current engagements through identification of current client needs and target client requirements.,30+ days ago,2020-11-26,https://www.indeed.com/rc/clk?jk=d8d8d56f4b5a965a&fccid=f0bade0760e83581&vjs=3
Senior Cost Accountant,,AccruePartners,"Kannapolis, NC","Leadership team with years of experience in their industry.
Conduct inventory valuation for actual period expenses incurred and implement process improvements.",7 days ago,2020-11-26,https://www.indeed.com/pagead/clk?mo=r&ad=-6NYlbfkN0Cmq1pj5Dwku4j-j-jMxiR3p8DjIx5wPgrGZP7N5_dynGcPrp9S6jFTghBGlLhymrCtODI3Unq54M0eGOF2ELZg4xDZIKrgHQo4JyPwxyLHALpMM9vHllwHX_x1VjOHSnaZ1ZXcHxO1CXM2S1Ka7YVj4cxFtHKGx7UhzYDvcaOmkzFpUtvZtui4jDjNSLpRc7vtSUsSQgf9eM5S1jH_SWQjLnYMguh03Ij8MTae8SWCkiMyouSLLMEvZxRBP4kByBpb6M-fRZhNvmkJjsOyb-Xu55CLaPojroZnf20incMCwvrlsObRl9CY9PCt1AYRVPSQtWX3wQR3WdMZvWmzE8XtFwUpRLtyXTRyoFt0z5kkct6kUyTeGs1Ywrfj0Ep8vlowAm4WVSovs6_mN4M-TdRZRGNiEOFbn5668R_6IEsqLWDAETWX5P9kOTl29lwaOUH5Y3s0t6GWuH8sJejJO-wgPGVVAzM4Amo=&p=0&fvj=0&vjs=3
"Senior Auditor, Conduct & Ethics",,Selby Jennings,"Charlotte, NC","Appropriately assess risk when business decisions are made, demonstrating particular consideration for the firm's reputation and safeguarding the organization,…",13 days ago,2020-11-26,https://www.indeed.com/pagead/clk?mo=r&ad=-6NYlbfkN0Ac1dQX5O4bM0SP6UJQV27qUKlsnOLo2dFi0v4Kq4pXXbjTLEo__hQoVZKYm7yRnOGxfuJ2Ht48sdSQ9zQUI_I9dPml9Y37yfO1K60I2caYqrZDtxeAbMiCcT4FL6Z1bFYg1jandBREC7N6ICSHDkihaKUiR9xb74bJ3MaKGRyZVNZPh54PQb4jvrYS4uDk_7RnTBrMUpxdBkbu26vk9RRAErvRJ3WY5aXYoNlDCQqbc17YOWFxhsOqcd6nqGRNSKq-yV0r0W3wuo-T2XAE6jv2MRa9SbyT6zxhcf65atI7R2awa__lRZ5EPYgKMfo1zPiY4xxMXw0Sn53an2e0ORVS0sZUoYp3p2Gjt-YwLOW945PUjx3wFuvtgyO0V5zkdrpLF3VHYh4wgAZA7FzanxDqyjk0lHFn5XKBtv2IZ0FeT6Xj_MpNewnjDp1cfHFP65hzsVW_3ihyaU-igIgka6jWCkbkXUSJaSHWB49L9chcY9YT4XL3jfgynfaW7W_mv6myEPj5R4aQs_9j3m3i-cka&p=1&fvj=0&vjs=3
Senior Federal Tax Analyst,,Pure Search,"Charlotte, NC","Fortune 500 company looking for a Senior Federal Tax Analyst to support the ASC 740 and U.S. Tax Compliance.
Reports directly to the Manager of Federal Tax.",30+ days ago,2020-11-26,https://www.indeed.com/pagead/clk?mo=r&ad=-6NYlbfkN0DRQvFmim7Djpm-H9mnvPaSsQcCXDXm5PlmwPCgGO2LFqLk0YqYe8gE4jqn9gHMMQgWeS4W0vx0uTdVBxaDG6sSPh_qZgCClBuMCj4DASow8eE1OrvbdbA-mVW3kBth6mBf64wMOB4mGWp4md9EC1UNr8ySUlcHXBV3wwTgpWdD0Fr5fcQhj4izZNcOSXwvUlgXkksACNu0vGiqtjW_wMoVJznigap9l_cqH4DqMy7tJIkYZWXSUdZvmgvo7VZ7YtLFqfE7ltLIzRsXnB9o7F1lS4bZcU9Q7xRzye8wHg93vU_smqnXbsVV2WZg9HyTrhgXHqv_viqA61v-jKDFd8nWu6hZHgZSUs-kGo9hJidep0rptAJ_Hs03dTKwgqMkngxYqreeU1gvwVpQM_YuAbfaQaVraQNuAJFGseRsaHynvczx-Vi3Ag-mwJBt1k3xwW6ln-RMlE2KhXyRbAbqRIzx58NZqOlrAlmSpCTA8Fr0Ug==&p=2&fvj=1&vjs=3
Tax Senior Manager,,Sparks Group,"Charlotte, NC",Identify opportunities to expand the scope of current engagements through identification of current client needs and target client requirements.,30+ days ago,2020-11-26,https://www.indeed.com/pagead/clk?mo=r&ad=-6NYlbfkN0CVbIAoVGlVV0muHIzlWY31dYj5hrVkKa7qBWZ-hZn3g-zWnitpxah_RyLopvrEJPLc3hdCno0_QtGb9DTDD6jI3MDqlBs3PD0Aa_fG9Fm0kqN2j8eeKhbIvS3nyMO3Aki-B9zEgODHvW7XFHcTALMkiJHzRD2g7V47AWSGRs6YeRlejV6CYbAOzPjbV4yemXRRdhKTRQjpI5kmoCkwJ2vrpSZb6jxW1wHjqnqJztxpAoJthQ6_dQUehyErwsQ1xT4hTfMe6Magabe5HyCyMLDejFfdmbS4VjEyzDxrgeAJvWiRCcRmEANhAc7ID0lXL21cIcjj8y2c_iC8duRJxaOYuZPxpydjUr7b5ouCLJi6nkn9OKpuP2WRhjLcTqP19lbpwFcWEAd0iSDrNJJ31j3vwtBTrQyAmzUv1Z-eO3TKhg1BexpQdFM5t2pd52vCxWBynVbAUzb_yw==&p=3&fvj=0&vjs=3
Senior Auditor,,Vaco,"Charlotte, NC","Conducting special reviews and projects as directed by senior management.
Obtaining and performing appropriate analysis of data for the audit entity to assess…",9 days ago,2020-11-26,https://www.indeed.com/pagead/clk?mo=r&ad=-6NYlbfkN0D_sybMACCpf9B-677oK5j6rPldVB6BlrVvFjO_o-GJZbzuF-qh4PxErFUqfUsv_6uudQW2ykuEM_7zfAPniR8Wh0OL2vgqzGtzZS2ZlXx6Kfl1niBrdgJ-TyKbzEE6M5yxzxZo543E9-H4o_ghOJqrc1wdGH_EVG7eyQLy83Oa2BF1onsR3vokBw-8WsppGBy_q3AQWtMAv73D9v_fdSViU-79jzNC7UV4yZvc4LOOcVopSOQe_qdyu_8IotW2giLIcBWq_ssawHZ6OFs6CQ781CUer2i8EGNwtEfv3vr1owQhQOrqBrGqUxIZ-0Jc2tTBhI0C_HQNO28DYhqq0zm2ROa-DgJmcBhHLK2Rzv5U2b6gz9IGDmR4TcTi2fP1vRcButqz695jUC1VhDqxlSdIS6j44RUT6d8MhlpLF_oxisoXAQZ7ww8KGk2njHt3B6xdBJEEJyG_7O03iO8MaFTHKlyJqSdZ4WY5u8OZrHJr0MpuJG71JCId2SKZZbZJrU8=&p=4&fvj=0&vjs=3
Senior Auditor,,AccruePartners,"Charlotte, NC","Excellent compensation and benefits package (401k match, Health, Dental, etc.).
You will be responsible for a variety of audit activities including SOX testing,…",29 days ago,2020-11-26,https://www.indeed.com/pagead/clk?mo=r&ad=-6NYlbfkN0Cmq1pj5Dwku4j-j-jMxiR3p8DjIx5wPgrGZP7N5_dynGcPrp9S6jFTghBGlLhymrA164GfL1i9EVRqzaVZUiYE5zv-cetBOATKQCS8ox-2go-ZP_z_GyulcEKhnaBnMKOHlkh16YE2-UFiYuapg0px2jfNKM7A4Xsdaq2cPkN476siU2U10OESxJ54QA5wjFWVLYOpEGIgjkN96MybaOTVlanv4jT8kiNIo2JVsImYwkpK_Az7gmXl0Sitc0dKOeve00o7-gi98293S-jnWiWDv1Igf-QFxWtAahsH0E4aq9msUgPEFiRF703skC4aeq8AjgoBprxdy39lcQkSBAJXfAap5D8Ef2vrbWtVUuQz_4Mb5ZpX2r-4VNnl-iKJofGvAKo5lXRTOHQvfBAvgln8mOOzwLfAml129BTXL2t2glij1X0frWvURF5x9sWCpvY3lX-HtUg-Wg==&p=5&fvj=0&vjs=3
Senior Tax Analyst,,Gables Search Group,"Charlotte, NC",The ideal candidate for the Senior Tax Analyst (Provisions) position will have worked with a large company or have ASC 740 Provisions experience in Public…,30+ days ago,2020-11-26,https://www.indeed.com/pagead/clk?mo=r&ad=-6NYlbfkN0CZ1lEuAv6jxF-3oHFcpaf0lR-C2BPOLpDOrJR7xrRNgTAxCo7ORrdsEAD6veVqRqKiviGcrs_i1bR3vEw3hZVzbp_34476w3MaOn45ql73wCDMrFkKWxRPW04NfuFKEehbzqwkKC4BFIn3pGO8eTIkhe8Wp929rBDyARw8j0zae6EWEAkR-9ZRSiMEju84yAkL3hqSeJj5fgEG_1-fC0MBgaXgic0T-gRTLjJM4Gy4MBa0BpLFOZzQ1dQ2j9dNLHDpOfWI5P-69sRYEf-UDaPfBbz-Zj0U5H1H5SVT3fYnIdwW8Lk8IV5Hgf6RnLVbh6afpjf1KO9-9puZ3j4zEXU-4QaFTejdwH5kkWkLbpucrg-ADGU2DeEEzoJEY1KkLXYxGK73R1qPwgbh8S4eYrgb8vm2PcszpC5Ve9QXxx78HrUsuF9q8KhBb3o3GSoYux-tCVt_sz9ItBioEogBfZQlEcfNTPasHt4UJQyoLAuNFJC59cECq-UTFbpPwFdXOiGDVmFVyTdofIpRrJPvjCcn&p=6&fvj=0&vjs=3
Senior Tax Analyst (newly-created position),,Gables Search Group,"Charlotte, NC",The ideal candidate for the Senior Tax Analyst (Provisions) position will have worked with a large company or have ASC 740 Provisions experience in Public…,30+ days ago,2020-11-26,https://www.indeed.com/pagead/clk?mo=r&ad=-6NYlbfkN0CZ1lEuAv6jxF-3oHFcpaf0lR-C2BPOLpDOrJR7xrRNgTAxCo7ORrdsEAD6veVqRqLV152bqpgpXbUm7C3B1QIccRIW5fh0iQLDTH3GAxF5q22oBQbY_0gCeriiT9xxD6i5iD_FNpJUhif5jjqaouDRh_NToIbWoVZGM4cB-v3kUyW_ZWDc2qc3BpQOBNl46csY-QDMVoZ_KOx-IlsIc7U1eB9buBWjTkCfZSYG76gK6JriFhZ52lqzs8QcRyR_J9_fRGYoibvRCqRYS0ahV-Wid7tGYPltzTywlgZFvRIJNxCXpCKz0MklB1OaA02QwA2JOTipOyAhs0WgsBKQL3VQV-NPPowMcDLbPeicNCarx7Z0Q1mG2pT8B8KsKvH-1ncxx04Qza4-G6i3F0qKoQP5SGOh_1qALtJyOHQMNGHs8HK7uM8LKhcGB74vYCBdbgBj08aO2Q9ObsfUwpQYejD3rV_OOD1vn8kEQMlKwm9mwK-Pvni4DRXBUimSrR51Z78oAsZj0FwyvtT1Ud3WhMV-&p=7&fvj=0&vjs=3
Senior Accountant / Accounting Manager,,The Execu|Search Group,"Charlotte, NC","SEC Financial Reporting / Internal Management Reporting.
Technical Accounting issues (IFRS, Policy, Research).
IPO Readiness and S-1 Financial Sections.",30+ days ago,2020-11-26,https://www.indeed.com/pagead/clk?mo=r&ad=-6NYlbfkN0B-PqtJkJBxcFK4No1YgA2WlSENonneqf7HjiGu_Q0_hMVASMIBX8WINndxiC2WI9ehhjNvxm4-0QU8vrs4qDjdaw_SywNPj-BKRMAKea0Jv72_A6Qbg-Ne-nlwruif980S-ys4BCWk-2PoYKcLdkiVRxxwW_WNNgDWMAc_zc2-RNhTV0hSPe5O7xYsrxnK2Mqug2i4t8K4N0cHh_t7Cemk9M_makVQvbJhpqQ9R8SHYRLxd5nTFsAsC7GciwpDmfqzCAyurAHP8KZh3Vbqyfmw5EZGfqM93ciu02yOZqoiUnU6HHpdVLN7Ku9R2u1H1R3vYgFoqBSmIgr66BvHKTvYl1VY8lE6KMU9oTeoTdmAKiDrLxz7X0wKKKVLM2CjvlDjNNUFfeEgtpvVyVX4MTjlqPQudAleHRhxT_k04bEBT8eJ8XgXF8ZX1jOea9ctQ11Dm1dg5sbq5JZyF1jz6OACBIXlU6dGmWI=&p=8&fvj=0&vjs=3
Treasury and Accounting Intern Sr. Associate,,Randstad,"Charlotte, NC","This is a contract role expected to last 4 months.
Extensive experience performing internal audits, specifically evaluating the design and operating…",20 days ago,2020-11-26,https://www.indeed.com/pagead/clk?mo=r&ad=-6NYlbfkN0Dsl7e762K0PkHjckbxv4wTZ1qhnZtbjw2RLgOlOIq4im7JtsyB-5G18Jd_qCjQIs0AHCddgbMvNHMPIf0afXnXJclwoLORenCzl0GSPvoGsteDhjlhQJFPD8hVIx1e76WWSRcTtTe7ISCTBWaktQ-lB4s9CfZgkIfkhknTxcATEIZV87aH9UHalAmkshywEDKeRf0Os9FpioDOuVyJLsL_O_A7sx7XP-gwO-RgkwvaeMlEhq86bYKMg7UDdVyg42s9fa4jOG49JVxrMN6wy0SJQDubBo_SKA_AzPlnC7C776jTEAx-yVdjlbAnYg6WGTv9Een_7QfI1Lx7u_et3YufDDr-NKXUzhb8olwxskvnozFRd9i5FNHDu3ivAvdE-rQDwv8hSOyHtYNTXcdyy2lkXDbKO-L5bSmXi9RvRSpkoBuire3xjNpC68fzYrx_KrVn_4g6wB7XFuqPg524_hGGmxA6BcnkZihJW1xxHIRZDNLACkWGHyFd&p=9&fvj=0&vjs=3
